sn ,,source_style,,_user_text,content_type,target_photo,retrieval_purpose,remembered_cues,explicitly_forgotten,memory_confidence,queries_in_order,journey,observed_problem_or_success,workaround,outcome,target_availability,scope,scenario_pattern,expected_primary_taxonomy,expected_secondary_taxonomy,interpretation_limit
1,,Support-forum-style (),,"I wanted to pull up the funny chat screenshot. I needed it to share an old joke. I remembered purple chat background, but not the date or the exact distinguishing detail. ""chat"" showed something close enough for now, so I used that instead. It wasn't the image I had in mind.",screenshot,the funny chat screenshot,share an old joke,purple chat background,date; exact distinguishing detail,partial,chat,subject search > inspect related images > use substitute,A related image was used; exact target not retrieved.,Used another relevant image,substitute_used,unknown,core_incomplete_memory,substitute_only,target_specificity,candidate_recognition,Technical cause cannot be established from the account.
2,,Reddit-style (),,"Yaar, mujhe festival ke mithai box ki photo chahiye thi. Kaam yeh tha: reorder a similar gift. gold ribbon yaad tha aur lag raha tha 2023 ki hogi. ""sweets 2023"" se nahi mili. Year hata diya toh mil gayi, actually 2022 ki thi. Date main hi galat yaad kar raha tha.",food,the festival sweet-box photo,reorder a similar gift,gold ribbon; tentative year 2023,exact date,uncertain,sweets 2023 > sweets,restrict to assumed year > remove year > locate target,Target appeared after removing incorrect year.,Removed year from query,found_exact,present_user_report,core_incomplete_memory,uncertain_date,incorrect_constraint,none,Technical cause cannot be established from the account.
3,,Reddit-style (),,"Yaar, mujhe rent wale room ki photo chahiye thi. Kaam yeh tha: compare rooms before moving. Kaunse year ki hai bilkul nahi yaad tha, bas yellow wardrobe. ""room yellow wardrobe"" search kiya aur turant pehchaan li. Is baar poori library scroll nahi karni padi.",home,the rented-room photo,compare rooms before moving,yellow wardrobe,capture date,partial,room yellow wardrobe,combine subject and visual clue > recognise target,Partial visual memory was sufficient for successful retrieval.,not needed,found_exact,present_user_report,core_incomplete_memory,query_success,successful_retrieval,none,Technical cause cannot be established from the account.
4,,YouTube-comment-style (),,"I needed the aquarium photo. I needed it to compare an old tank setup. I remembered orange fish, but not the date or the exact distinguishing detail. ""fish"" showed something close enough for now, so I used that instead. It wasn't the image I had in mind. 😕",pets,the aquarium photo,compare an old tank setup,orange fish,date; exact distinguishing detail,partial,fish,subject search > inspect related images > use substitute,A related image was used; exact target not retrieved.,Used another relevant image,substitute_used,unknown,core_incomplete_memory,substitute_only,target_specificity,candidate_recognition,Technical cause cannot be established from the account.
5,,Support-forum-style (),,"Purani gallery mein Manali homestay ki balcony wali photo chahiye thi. Kaam yeh tha: show my family the view. Kaunse year ki hai bilkul nahi yaad tha, bas red railing. ""balcony red railing"" search kiya aur turant pehchaan li. Is baar poori library scroll nahi karni padi.",travel,the Manali homestay balcony photo,show my family the view,red railing,capture date,partial,balcony red railing,combine subject and visual clue > recognise target,Partial visual memory was sufficient for successful retrieval.,not needed,found_exact,present_user_report,core_incomplete_memory,query_success,successful_retrieval,none,Technical cause cannot be established from the account.
6,,App-review-style (),,"Pata nahi kaise milegi, song recommendation ka screenshot chahiye thi. Kaam yeh tha: remember a recommended song. Kaunse year ki hai bilkul nahi yaad tha, bas red album cover. ""music red album cover"" search kiya aur turant pehchaan li. Is baar poori library scroll nahi karni padi.",screenshot,the song recommendation screenshot,remember a recommended song,red album cover,capture date,partial,music red album cover,combine subject and visual clue > recognise target,Partial visual memory was sufficient for successful retrieval.,not needed,found_exact,present_user_report,core_incomplete_memory,query_success,successful_retrieval,none,Technical cause cannot be established from the account.
7,,Reddit-style (),,"I was looking for the picture of grandma laughing. I needed it to make a family slideshow. I got down to a handful with purple shawl, but they look almost identical. I can't remember the date or the tiny detail that made the original different. Zooming hasn't helped me decide which is right.",family,the picture of grandma laughing,make a family slideshow,purple shawl,capture date,partial,grandma,subject search > small plausible set > zoom candidates,Several similar candidates; cannot confirm exact target.,Zoomed individual candidates,unconfirmed_match,unknown,core_incomplete_memory,near_duplicates,candidate_recognition,near_duplicate_ambiguity,Technical cause cannot be established from the account.
8,,Social-post-style (),,"I opened Google Photos to find the wall paint-sample photo. I needed it to choose the same paint shade. I got down to a handful with pale green patch, but they look almost identical. I can't remember the date or the tiny detail that made the original different. Zooming hasn't helped me decide which is right.",home,the wall paint-sample photo,choose the same paint shade,pale green patch,capture date,partial,wall,subject search > small plausible set > zoom candidates,Several similar candidates; cannot confirm exact target.,Zoomed individual candidates,unconfirmed_match,unknown,core_incomplete_memory,near_duplicates,candidate_recognition,near_duplicate_ambiguity,Technical cause cannot be established from the account.
9,,YouTube-comment-style (),,"Kal se haath se likhi prescription ki photo chahiye thi. Kaam yeh tha: share the document with a clinician. Start mein bas subject yaad tha, date nahi. ""prescription"" ke results dekhte-dekhte green clinic stamp yaad aa gaya. Phir woh detail search ki aur mil gayi. Shuru mein yeh clue yaad hi nahi aa raha tha. ✨",health_document,the handwritten prescription photo,share the document with a clinician,general subject initially; visual detail recalled during browsing,capture date,partial,prescription > green clinic stamp,broad search > view candidates > recall detail > refine > find,Browsing prompted recall of an additional useful detail.,Refined using newly recalled detail,found_exact,present_user_report,core_incomplete_memory,clue_emerges,progressive_recall,iterative_reformulation,Technical cause cannot be established from the account.
10,,Support-forum-style (),,I wanted to pull up the rainy railway platform photo. I needed it to remember a journey with my brother. Search just isn't helping me find it. Is anyone else having trouble with this?,travel,the rainy railway platform photo,remember a journey with my brother,not stated,not stated,not stated,not stated,search attempted; details not stated,Search difficulty reported without enough incident detail.,not stated,not stated,unknown,insufficient_detail,missing_context,unknown,none,Technical cause cannot be established from the account.
11,,App-review-style (),,I went back to look for the saved meme. I needed it to send the joke during a conversation. Search just isn't helping me find it. Is anyone else having trouble with this?,screenshot,the saved meme,send the joke during a conversation,not stated,not stated,not stated,not stated,search attempted; details not stated,Search difficulty reported without enough incident detail.,not stated,not stated,unknown,insufficient_detail,missing_context,unknown,none,Technical cause cannot be established from the account.
12,,Reddit-style (),,"Yaar, mujhe school farewell ki group photo chahiye thi. Kaam yeh tha: share it in our reunion group. blue uniforms clear yaad hai, date nahi. ""school"" se bahut saare results aa gaye. Ek-ek khol ke dekha, exact wali nahi mili toh band kar diya.",family,the school farewell group photo,share it in our reunion group,blue uniforms,capture date,partial,school,broad subject search > inspect large result set > stop,Many plausible matches; target not located before stopping.,Opened individual matches,abandoned,unknown,core_incomplete_memory,too_many_matches,cue_discriminability,inspection_burden,Technical cause cannot be established from the account.
13,,Social-post-style (),,"Kisi ko idea hai? Mujhe bijli meter ki photo chahiye thi. Kaam yeh tha: check an older meter reading. red display light clear yaad hai, date nahi. ""meter"" se bahut saare results aa gaye. Ek-ek khol ke dekha, exact wali nahi mili toh band kar diya.",home,the electricity-meter photo,check an older meter reading,red display light,capture date,partial,meter,broad subject search > inspect large result set > stop,Many plausible matches; target not located before stopping.,Opened individual matches,abandoned,unknown,core_incomplete_memory,too_many_matches,cue_discriminability,inspection_burden,Technical cause cannot be established from the account.
14,,YouTube-comment-style (),,"I needed the physiotherapy exercise photo. I needed it to show which exercise sheet I was given. A friend had sent it to me; I remembered yellow resistance band, not when. Searching ""exercise"" in Photos failed. I went back to our chat and found it there. I don't know whether I'd ever saved a copy to Photos. 😕",health_document,the physiotherapy exercise photo,show which exercise sheet I was given,yellow resistance band; received from a friend,received date,partial,exercise,Photos search > revisit messaging conversation > retrieve original,Target located in a messaging conversation; Photos availability unconfirmed.,Searched original conversation,found_elsewhere,external_app_found_photos_unknown,adjacent_cross_app,received_copy,cross_app_origin,none,Technical cause cannot be established from the account.
15,,Support-forum-style (),,"Purani gallery mein beach shack ke menu ki photo chahiye thi. Kaam yeh tha: check what we ordered. Kal hi dekhi thi, originally kab li thi yaad nahi. Recently added mein check kiya par wahan nahi mili. Purani date guess karne ke bajaye kal kya khola tha woh mil jaata toh easy hota.",travel,the beach shack menu photo,check what we ordered,viewed or edited target yesterday,original capture date,partial,not stated,look for recent activity > check recently added > unresolved,Recent interaction did not supply a usable route to an older image.,Checked recently added,unresolved,present_user_report,core_incomplete_memory,recent_interaction,activity_vs_capture_time,temporal_narrowing,Technical cause cannot be established from the account.
16,,App-review-style (),,"Pata nahi kaise milegi, whiteboard diagram ki photo chahiye thi. Kaam yeh tha: revise a class explanation. Kal hi dekhi thi, originally kab li thi yaad nahi. Recently added mein check kiya par wahan nahi mili. Purani date guess karne ke bajaye kal kya khola tha woh mil jaata toh easy hota.",study,the whiteboard diagram photo,revise a class explanation,viewed or edited target yesterday,original capture date,partial,not stated,look for recent activity > check recently added > unresolved,Recent interaction did not supply a usable route to an older image.,Checked recently added,unresolved,present_user_report,core_incomplete_memory,recent_interaction,activity_vs_capture_time,temporal_narrowing,Technical cause cannot be established from the account.
17,,Reddit-style (),,"I was looking for the sibling's graduation photo. I needed it to print a family keepsake. I mostly remember why I saved it, not what it looked like or when. I typed ""the graduation that mattered to me"" and got unrelated things. I never added a description explaining why it mattered.",family,the sibling's graduation photo,print a family keepsake,personal significance; original purpose,visible details; capture date,low,the graduation that mattered to me,personal-context query > inspect unrelated results,Personal significance query returned unrelated candidates.,not stated,unresolved,unknown,core_incomplete_memory,personal_meaning,cue_grounding_hypothesis,clue_expression,Technical cause cannot be established from the account.
18,,Social-post-style (),,"I opened Google Photos to find the shoe-store photo. I needed it to find the pair I liked. I mostly remember why I saved it, not what it looked like or when. I typed ""the shoes that mattered to me"" and got unrelated things. I never added a description explaining why it mattered.",shopping,the shoe-store photo,find the pair I liked,personal significance; original purpose,visible details; capture date,low,the shoes that mattered to me,personal-context query > inspect unrelated results,Personal significance query returned unrelated candidates.,not stated,unresolved,unknown,core_incomplete_memory,personal_meaning,cue_grounding_hypothesis,clue_expression,Technical cause cannot be established from the account.
19,,YouTube-comment-style (),,"Kal se parking receipt wali photo chahiye thi. Kaam yeh tha: resolve an expense claim. Date vague thi par orange ticket yaad tha. Main account mein ""ticket"" baar-baar search kiya. Purane account pe switch kiya toh same search se mil gayi. Library hi galat thi. ✨",receipt,the parking receipt photo,resolve an expense claim,orange ticket,capture date; account containing target,partial,ticket,search first account > switch account > same search > locate target,Target found in another account.,Switched Google account,found_exact,different_account,adjacent_availability,wrong_account,account_scope,none,Technical cause cannot be established from the account.
20,,Support-forum-style (),,"I wanted to pull up the old hotel entrance photo. I needed it to identify where we stayed. The date is gone from my memory, but round window is not. I tried ""woh hotel wali"" and then ""round window"". The results changed, but neither attempt found the exact image. Not sure whether language is the issue.",travel,the old hotel entrance photo,identify where we stayed,round window,capture date,partial,woh hotel wali > round window,Hinglish phrase > English visual phrase > inspect results,Different wording returned different candidates; exact target still missing.,Switched query wording and language,unresolved,unknown,core_incomplete_memory,language_mismatch,language_expression,query_reformulation,Technical cause cannot be established from the account.
21,,App-review-style (),,"I went back to look for the assignment instruction photo. I needed it to confirm the submission requirement. The date is gone from my memory, but yellow highlighted line is not. I tried ""woh assignment wali"" and then ""yellow highlighted line"". The results changed, but neither attempt found the exact image. Not sure whether language is the issue.",study,the assignment instruction photo,confirm the submission requirement,yellow highlighted line,capture date,partial,woh assignment wali > yellow highlighted line,Hinglish phrase > English visual phrase > inspect results,Different wording returned different candidates; exact target still missing.,Switched query wording and language,unresolved,unknown,core_incomplete_memory,language_mismatch,language_expression,query_reformulation,Technical cause cannot be established from the account.
22,,Reddit-style (),,"Yaar, mujhe shaadi mein dance wali photo chahiye thi. Kaam yeh tha: send it to the person dancing. green stage lights yaad hai, month aur year bilkul nahi. ""wedding"" search karke bhi woh nahi dikhi. Timeline mein kaafi scroll kiya, phir chhod diya.",family,the wedding dance photo,send it to the person dancing,green stage lights,capture date,partial,wedding,subject search > timeline scrolling > stop,Subject results did not make the target easy to locate; no usable date anchor.,Scrolled timeline without a date anchor,abandoned,unknown,core_incomplete_memory,date_forgotten,temporal_narrowing,none,Technical cause cannot be established from the account.
23,,Social-post-style (),,"Kisi ko idea hai? Mujhe crochet project ki photo chahiye thi. Kaam yeh tha: recreate an earlier pattern. purple yarn yaad hai, month aur year bilkul nahi. ""crochet"" search karke bhi woh nahi dikhi. Timeline mein kaafi scroll kiya, phir chhod diya.",hobby,the crochet project photo,recreate an earlier pattern,purple yarn,capture date,partial,crochet,subject search > timeline scrolling > stop,Subject results did not make the target easy to locate; no usable date anchor.,Scrolled timeline without a date anchor,abandoned,unknown,core_incomplete_memory,date_forgotten,temporal_narrowing,none,Technical cause cannot be established from the account.
24,,YouTube-comment-style (),,"I needed the repair invoice photo. I needed it to check what was repaired. I remember purple company logo, but not the date. ""invoice"" didn't find it and I checked the bin too. Maybe I deleted it, maybe it never backed up—I honestly don't know where it is now. 😕",receipt,the repair invoice photo,check what was repaired,purple company logo,capture date; current storage location,partial,invoice,subject search > trash check > unresolved,Target absent from inspected results and trash; existence in library unconfirmed.,Checked trash,unresolved,unknown,adjacent_availability,availability_uncertain,availability_unknown,temporal_uncertainty,Technical cause cannot be established from the account.
25,,App-review-style (),,"Pata nahi kaise milegi, birthday dessert wali photo chahiye thi. Kaam yeh tha: show a baker the decoration. green icing yaad hai, month aur year bilkul nahi. ""cake"" search karke bhi woh nahi dikhi. Timeline mein kaafi scroll kiya, phir chhod diya.",food,the birthday dessert photo,show a baker the decoration,green icing,capture date,partial,cake,subject search > timeline scrolling > stop,Subject results did not make the target easy to locate; no usable date anchor.,Scrolled timeline without a date anchor,abandoned,unknown,core_incomplete_memory,date_forgotten,temporal_narrowing,none,Technical cause cannot be established from the account.
26,,App-review-style (),,"Pata nahi kaise milegi, workshop slide ki photo chahiye thi. Kaam yeh tha: recall a point from a session. Date bhi nahi yaad aur kya type karun woh bhi samajh nahi aa raha tha. ""presentation"" bahut broad tha. Phir ""orange pie chart"" try kiya aur mil gayi. Chhota detail kaam aa gaya.",work,the workshop slide photo,recall a point from a session,orange pie chart,capture date; precise search wording,partial,presentation > orange pie chart,broad query > visual-detail query > recognise target,Rewording using a visible detail helped locate the target.,Replaced broad term with visible detail,found_exact,present_user_report,core_incomplete_memory,query_reformulation,clue_expression,iterative_reformulation,Technical cause cannot be established from the account.
27,,Social-post-style (),,"I opened Google Photos to find the baby's first-shoes photo. I needed it to complete a baby album. I remember tiny orange shoes, but not the date. ""shoes"" didn't find it and I checked the bin too. Maybe I deleted it, maybe it never backed up—I honestly don't know where it is now.",family,the baby's first-shoes photo,complete a baby album,tiny orange shoes,capture date; current storage location,partial,shoes,subject search > trash check > unresolved,Target absent from inspected results and trash; existence in library unconfirmed.,Checked trash,unresolved,unknown,adjacent_availability,availability_uncertain,availability_unknown,temporal_uncertainty,Technical cause cannot be established from the account.
28,,Social-post-style (),,"I opened Google Photos to find the family performance video. I needed it to share a clip with relatives. I know I once saved it, but the appearance, date and place are all blank. I opened Photos and couldn't even decide what to type. Closed it again without searching.",video,the family performance video,share a clip with relatives,existence and broad purpose only,visual details; date; location,low,no query formulated,open Photos > fail to form query > stop,Unable to supply identifying details or begin a targeted search.,none attempted,abandoned,unknown,core_incomplete_memory,almost_no_clues,cue_availability,none,Technical cause cannot be established from the account.
29,,Support-forum-style (),,"Google Photos mein train booking ka screenshot chahiye thi. Kaam yeh tha: check a previous travel booking. Date bhi nahi yaad aur kya type karun woh bhi samajh nahi aa raha tha. ""train"" bahut broad tha. Phir ""blue booking panel"" try kiya aur mil gayi. Chhota detail kaam aa gaya. 😅",screenshot,the train booking screenshot,check a previous travel booking,blue booking panel,capture date; precise search wording,partial,train > blue booking panel,broad query > visual-detail query > recognise target,Rewording using a visible detail helped locate the target.,Replaced broad term with visible detail,found_exact,present_user_report,core_incomplete_memory,query_reformulation,clue_expression,iterative_reformulation,Technical cause cannot be established from the account.
30,,App-review-style (),,"I went back to look for the homemade bread photo. I needed it to compare my baking attempts. I know I once saved it, but the appearance, date and place are all blank. I opened Photos and couldn't even decide what to type. Closed it again without searching.",food,the homemade bread photo,compare my baking attempts,existence and broad purpose only,visual details; date; location,low,no query formulated,open Photos > fail to form query > stop,Unable to supply identifying details or begin a targeted search.,none attempted,abandoned,unknown,core_incomplete_memory,almost_no_clues,cue_availability,none,Technical cause cannot be established from the account.
31,,Reddit-style (),,"Quick question about finding the office notice photo. I needed it to check an old announcement. I know I once saved it, but the appearance, date and place are all blank. I opened Photos and couldn't even decide what to type. Closed it again without searching.",work,the office notice photo,check an old announcement,existence and broad purpose only,visual details; date; location,low,no query formulated,open Photos > fail to form query > stop,Unable to supply identifying details or begin a targeted search.,none attempted,abandoned,unknown,core_incomplete_memory,almost_no_clues,cue_availability,none,Technical cause cannot be established from the account.
32,,Social-post-style (),,"Kisi ko idea hai? Mujhe suitcase pe billi wali photo chahiye thi. Kaam yeh tha: send a funny memory to a friend. Image clearly yaad hai, red suitcase bhi. Exactly ""red suitcase"" search kiya, match nahi aaya. Kyun nahi aaya pata nahi; file abhi isi account mein hai ya nahi woh bhi check nahi kiya.",pets,the photo of the cat on a suitcase,send a funny memory to a friend,red suitcase; exact target appearance,not stated,high,red suitcase,precise visual query > no matching results,A clear visual query returned no match; technical cause unverified.,not stated,unresolved,unknown,adjacent_clear_memory,no_results_with_clear_cue,search_quality_hypothesis,unknown_indexing_state,Technical cause cannot be established from the account.
33,,Support-forum-style (),,"Trying to recover the product comparison screenshot. I needed it to resume a purchase comparison. I couldn't remember its date, but I remembered another photo from the same day. I searched for that other image, checked its date, then browsed that day. That's how I found the one I actually wanted. 🙂",screenshot,the product comparison screenshot,resume a purchase comparison,another photo captured on the same day,target capture date,partial,subject of a different photo from the same day,search related photo > inspect its date > browse that date,Related image supplied a date anchor for retrieval.,Used another image to locate the day,found_exact,present_user_report,core_incomplete_memory,anchor_photo,relational_navigation,none,Technical cause cannot be established from the account.
34,,App-review-style (),,"Pata nahi kaise milegi, festival ke mithai box ki photo chahiye thi. Kaam yeh tha: reorder a similar gift. Date yaad nahi thi toh bas scroll kar raha tha. Kisi ne bola jo dikh raha tha woh search karo. ""gold ribbon"" dala aur mil gayi. Pata hi nahi tha yeh detail bhi search mein use kar sakte hain.",food,the festival sweet-box photo,reorder a similar gift,gold ribbon,capture date,partial,gold ribbon,manual scrolling > learn content search > visual query > recognise,Learning an existing retrieval route enabled success in this fictional case.,Tried subject/detail search after a suggestion,found_exact,present_user_report,core_incomplete_memory,feature_discovery,discoverability,clue_expression,Technical cause cannot be established from the account.
35,,Reddit-style (),,"Aaj zaroorat padi toh visiting card ki photo chahiye thi. Kaam yeh tha: recover a professional contact. Date yaad nahi thi toh bas scroll kar raha tha. Kisi ne bola jo dikh raha tha woh search karo. ""blue logo"" dala aur mil gayi. Pata hi nahi tha yeh detail bhi search mein use kar sakte hain.",work,the visiting-card photo,recover a professional contact,blue logo,capture date,partial,blue logo,manual scrolling > learn content search > visual query > recognise,Learning an existing retrieval route enabled success in this fictional case.,Tried subject/detail search after a suggestion,found_exact,present_user_report,core_incomplete_memory,feature_discovery,discoverability,clue_expression,Technical cause cannot be established from the account.
36,,Social-post-style (),,"I opened Google Photos to find the aquarium photo. I needed it to compare an old tank setup. I remembered orange fish and roughly the season, not the date. ""fish"" didn't get me there. I eventually found it by scrolling around that season and recognising it.",pets,the aquarium photo,compare an old tank setup,orange fish; approximate season,exact date,partial,fish,subject query > approximate-season scrolling > recognise target,Manual timeline browsing succeeded after an unhelpful search.,Scrolled approximate season,found_exact,present_user_report,core_incomplete_memory,manual_scroll_success,successful_workaround,none,Technical cause cannot be established from the account.
37,,YouTube-comment-style (),,"Kal se Manali homestay ki balcony wali photo chahiye thi. Kaam yeh tha: show my family the view. red railing yaad tha aur lag raha tha 2023 ki hogi. ""balcony 2023"" se nahi mili. Year hata diya toh mil gayi, actually 2022 ki thi. Date main hi galat yaad kar raha tha. 🙌",travel,the Manali homestay balcony photo,show my family the view,red railing; tentative year 2023,exact date,uncertain,balcony 2023 > balcony,restrict to assumed year > remove year > locate target,Target appeared after removing incorrect year.,Removed year from query,found_exact,present_user_report,core_incomplete_memory,uncertain_date,incorrect_constraint,none,Technical cause cannot be established from the account.
38,,Support-forum-style (),,"Google Photos mein song recommendation ka screenshot chahiye thi. Kaam yeh tha: remember a recommended song. red album cover yaad tha aur lag raha tha 2023 ki hogi. ""music 2023"" se nahi mili. Year hata diya toh mil gayi, actually 2022 ki thi. Date main hi galat yaad kar raha tha. 😅",screenshot,the song recommendation screenshot,remember a recommended song,red album cover; tentative year 2023,exact date,uncertain,music 2023 > music,restrict to assumed year > remove year > locate target,Target appeared after removing incorrect year.,Removed year from query,found_exact,present_user_report,core_incomplete_memory,uncertain_date,incorrect_constraint,none,Technical cause cannot be established from the account.
39,,App-review-style (),,"I went back to look for the picture of grandma laughing. I needed it to make a family slideshow. I remembered purple shawl, but not the date or the exact distinguishing detail. ""grandma"" showed something close enough for now, so I used that instead. It wasn't the image I had in mind.",family,the picture of grandma laughing,make a family slideshow,purple shawl,date; exact distinguishing detail,partial,grandma,subject search > inspect related images > use substitute,A related image was used; exact target not retrieved.,Used another relevant image,substitute_used,unknown,core_incomplete_memory,substitute_only,target_specificity,candidate_recognition,Technical cause cannot be established from the account.
40,,Reddit-style (),,"Quick question about finding the wall paint-sample photo. I needed it to choose the same paint shade. I remembered pale green patch, but not the date or the exact distinguishing detail. ""wall"" showed something close enough for now, so I used that instead. It wasn't the image I had in mind.",home,the wall paint-sample photo,choose the same paint shade,pale green patch,date; exact distinguishing detail,partial,wall,subject search > inspect related images > use substitute,A related image was used; exact target not retrieved.,Used another relevant image,substitute_used,unknown,core_incomplete_memory,substitute_only,target_specificity,candidate_recognition,Technical cause cannot be established from the account.
41,,Social-post-style (),,"Kisi ko idea hai? Mujhe haath se likhi prescription ki photo chahiye thi. Kaam yeh tha: share the document with a clinician. Kaunse year ki hai bilkul nahi yaad tha, bas green clinic stamp. ""prescription green clinic stamp"" search kiya aur turant pehchaan li. Is baar poori library scroll nahi karni padi.",health_document,the handwritten prescription photo,share the document with a clinician,green clinic stamp,capture date,partial,prescription green clinic stamp,combine subject and visual clue > recognise target,Partial visual memory was sufficient for successful retrieval.,not needed,found_exact,present_user_report,core_incomplete_memory,query_success,successful_retrieval,none,Technical cause cannot be established from the account.
42,,YouTube-comment-style (),,"I needed the rainy railway platform photo. I needed it to remember a journey with my brother. I got down to a handful with green bench, but they look almost identical. I can't remember the date or the tiny detail that made the original different. Zooming hasn't helped me decide which is right. 🥲",travel,the rainy railway platform photo,remember a journey with my brother,green bench,capture date,partial,station,subject search > small plausible set > zoom candidates,Several similar candidates; cannot confirm exact target.,Zoomed individual candidates,unconfirmed_match,unknown,core_incomplete_memory,near_duplicates,candidate_recognition,near_duplicate_ambiguity,Technical cause cannot be established from the account.
43,,Support-forum-style (),,"Trying to recover the saved meme. I needed it to send the joke during a conversation. I got down to a handful with yellow cartoon character, but they look almost identical. I can't remember the date or the tiny detail that made the original different. Zooming hasn't helped me decide which is right. 🤔",screenshot,the saved meme,send the joke during a conversation,yellow cartoon character,capture date,partial,meme,subject search > small plausible set > zoom candidates,Several similar candidates; cannot confirm exact target.,Zoomed individual candidates,unconfirmed_match,unknown,core_incomplete_memory,near_duplicates,candidate_recognition,near_duplicate_ambiguity,Technical cause cannot be established from the account.
44,,App-review-style (),,"Pata nahi kaise milegi, school farewell ki group photo chahiye thi. Kaam yeh tha: share it in our reunion group. Start mein bas subject yaad tha, date nahi. ""school"" ke results dekhte-dekhte blue uniforms yaad aa gaya. Phir woh detail search ki aur mil gayi. Shuru mein yeh clue yaad hi nahi aa raha tha.",family,the school farewell group photo,share it in our reunion group,general subject initially; visual detail recalled during browsing,capture date,partial,school > blue uniforms,broad search > view candidates > recall detail > refine > find,Browsing prompted recall of an additional useful detail.,Refined using newly recalled detail,found_exact,present_user_report,core_incomplete_memory,clue_emerges,progressive_recall,iterative_reformulation,Technical cause cannot be established from the account.
45,,Reddit-style (),,"Aaj zaroorat padi toh bijli meter ki photo chahiye thi. Kaam yeh tha: check an older meter reading. Start mein bas subject yaad tha, date nahi. ""meter"" ke results dekhte-dekhte red display light yaad aa gaya. Phir woh detail search ki aur mil gayi. Shuru mein yeh clue yaad hi nahi aa raha tha.",home,the electricity-meter photo,check an older meter reading,general subject initially; visual detail recalled during browsing,capture date,partial,meter > red display light,broad search > view candidates > recall detail > refine > find,Browsing prompted recall of an additional useful detail.,Refined using newly recalled detail,found_exact,present_user_report,core_incomplete_memory,clue_emerges,progressive_recall,iterative_reformulation,Technical cause cannot be established from the account.
46,,Social-post-style (),,I opened Google Photos to find the physiotherapy exercise photo. I needed it to show which exercise sheet I was given. Search just isn't helping me find it. Is anyone else having trouble with this?,health_document,the physiotherapy exercise photo,show which exercise sheet I was given,not stated,not stated,not stated,not stated,search attempted; details not stated,Search difficulty reported without enough incident detail.,not stated,not stated,unknown,insufficient_detail,missing_context,unknown,none,Technical cause cannot be established from the account.
47,,Support-forum-style (),,"Google Photos mein pahadon ki chai tapri wali photo chahiye thi. Kaam yeh tha: tell a friend where we stopped. Start mein bas subject yaad tha, date nahi. ""tea stall"" ke results dekhte-dekhte orange tarpaulin yaad aa gaya. Phir woh detail search ki aur mil gayi. Shuru mein yeh clue yaad hi nahi aa raha tha. 🙂",travel,the mountain tea stall photo,tell a friend where we stopped,general subject initially; visual detail recalled during browsing,capture date,partial,tea stall > orange tarpaulin,broad search > view candidates > recall detail > refine > find,Browsing prompted recall of an additional useful detail.,Refined using newly recalled detail,found_exact,present_user_report,core_incomplete_memory,clue_emerges,progressive_recall,iterative_reformulation,Technical cause cannot be established from the account.
48,,Support-forum-style (),,"Google Photos mein whiteboard diagram ki photo chahiye thi. Kaam yeh tha: revise a class explanation. red arrows clear yaad hai, date nahi. ""whiteboard"" se bahut saare results aa gaye. Ek-ek khol ke dekha, exact wali nahi mili toh band kar diya. 😩",study,the whiteboard diagram photo,revise a class explanation,red arrows,capture date,partial,whiteboard,broad subject search > inspect large result set > stop,Many plausible matches; target not located before stopping.,Opened individual matches,abandoned,unknown,core_incomplete_memory,too_many_matches,cue_discriminability,inspection_burden,Technical cause cannot be established from the account.
49,,Reddit-style (),,Quick question about finding the picture of dad fixing a bicycle. I needed it to make a birthday collage. Search just isn't helping me find it. Is anyone else having trouble with this?,family,the picture of dad fixing a bicycle,make a birthday collage,not stated,not stated,not stated,not stated,search attempted; details not stated,Search difficulty reported without enough incident detail.,not stated,not stated,unknown,insufficient_detail,missing_context,unknown,none,Technical cause cannot be established from the account.
50,,Reddit-style (),,"Quick question about finding the shoe-store photo. I needed it to find the pair I liked. A friend had sent it to me; I remembered orange shoelaces, not when. Searching ""shoes"" in Photos failed. I went back to our chat and found it there. I don't know whether I'd ever saved a copy to Photos.",shopping,the shoe-store photo,find the pair I liked,orange shoelaces; received from a friend,received date,partial,shoes,Photos search > revisit messaging conversation > retrieve original,Target located in a messaging conversation; Photos availability unconfirmed.,Searched original conversation,found_elsewhere,external_app_found_photos_unknown,adjacent_cross_app,received_copy,cross_app_origin,none,Technical cause cannot be established from the account.
51,,YouTube-comment-style (),,"Abhi appliance bill ki photo chahiye thi. Kaam yeh tha: check a purchase for a service request. red shop stamp clear yaad hai, date nahi. ""receipt"" se bahut saare results aa gaye. Ek-ek khol ke dekha, exact wali nahi mili toh band kar diya.",receipt,the appliance receipt photo,check a purchase for a service request,red shop stamp,capture date,partial,receipt,broad subject search > inspect large result set > stop,Many plausible matches; target not located before stopping.,Opened individual matches,abandoned,unknown,core_incomplete_memory,too_many_matches,cue_discriminability,inspection_burden,Technical cause cannot be established from the account.
52,,Support-forum-style (),,"Trying to recover the lakeside campsite photo. I needed it to share a memory with my cousins. A friend had sent it to me; I remembered striped tent, not when. Searching ""camping"" in Photos failed. I went back to our chat and found it there. I don't know whether I'd ever saved a copy to Photos. 😩",travel,the lakeside campsite photo,share a memory with my cousins,striped tent; received from a friend,received date,partial,camping,Photos search > revisit messaging conversation > retrieve original,Target located in a messaging conversation; Photos availability unconfirmed.,Searched original conversation,found_elsewhere,external_app_found_photos_unknown,adjacent_cross_app,received_copy,cross_app_origin,none,Technical cause cannot be established from the account.
53,,App-review-style (),,"Has anyone struggled to find the handwritten formula photo. I needed it to check a calculation. A friend had sent it to me; I remembered purple ink, not when. Searching ""notes"" in Photos failed. I went back to our chat and found it there. I don't know whether I'd ever saved a copy to Photos. 🥲",study,the handwritten formula photo,check a calculation,purple ink; received from a friend,received date,partial,notes,Photos search > revisit messaging conversation > retrieve original,Target located in a messaging conversation; Photos availability unconfirmed.,Searched original conversation,found_elsewhere,external_app_found_photos_unknown,adjacent_cross_app,received_copy,cross_app_origin,none,Technical cause cannot be established from the account.
54,,Reddit-style (),,"Aaj zaroorat padi toh bachpan ke picnic ka scan chahiye thi. Kaam yeh tha: show an old memory to my sister. Kal hi dekhi thi, originally kab li thi yaad nahi. Recently added mein check kiya par wahan nahi mili. Purani date guess karne ke bajaye kal kya khola tha woh mil jaata toh easy hota.",family,the childhood picnic scan,show an old memory to my sister,viewed or edited target yesterday,original capture date,partial,not stated,look for recent activity > check recently added > unresolved,Recent interaction did not supply a usable route to an older image.,Checked recently added,unresolved,present_user_report,core_incomplete_memory,recent_interaction,activity_vs_capture_time,temporal_narrowing,Technical cause cannot be established from the account.
55,,Social-post-style (),,"Bas ek cheez dhoondhni thi, furniture reference ki photo chahiye thi. Kaam yeh tha: compare furniture designs. Kal hi dekhi thi, originally kab li thi yaad nahi. Recently added mein check kiya par wahan nahi mili. Purani date guess karne ke bajaye kal kya khola tha woh mil jaata toh easy hota.",shopping,the furniture reference photo,compare furniture designs,viewed or edited target yesterday,original capture date,partial,not stated,look for recent activity > check recently added > unresolved,Recent interaction did not supply a usable route to an older image.,Checked recently added,unresolved,present_user_report,core_incomplete_memory,recent_interaction,activity_vs_capture_time,temporal_narrowing,Technical cause cannot be established from the account.
56,,YouTube-comment-style (),,"Having trouble locating the courier receipt photo. I needed it to look up an old shipment. I mostly remember why I saved it, not what it looked like or when. I typed ""the courier that mattered to me"" and got unrelated things. I never added a description explaining why it mattered.",receipt,the courier receipt photo,look up an old shipment,personal significance; original purpose,visible details; capture date,low,the courier that mattered to me,personal-context query > inspect unrelated results,Personal significance query returned unrelated candidates.,not stated,unresolved,unknown,core_incomplete_memory,personal_meaning,cue_grounding_hypothesis,clue_expression,Technical cause cannot be established from the account.
57,,Support-forum-style (),,"Google Photos mein birthday dessert wali photo chahiye thi. Kaam yeh tha: show a baker the decoration. Date vague thi par green icing yaad tha. Main account mein ""cake"" baar-baar search kiya. Purane account pe switch kiya toh same search se mil gayi. Library hi galat thi. 🙂",food,the birthday dessert photo,show a baker the decoration,green icing,capture date; account containing target,partial,cake,search first account > switch account > same search > locate target,Target found in another account.,Switched Google account,found_exact,different_account,adjacent_availability,wrong_account,account_scope,none,Technical cause cannot be established from the account.
58,,App-review-style (),,"Ek help chahiye, lab setup wali photo chahiye thi. Kaam yeh tha: finish a lab report. Date vague thi par blue circuit board yaad tha. Main account mein ""lab"" baar-baar search kiya. Purane account pe switch kiya toh same search se mil gayi. Library hi galat thi. 🙌",study,the lab setup photo,finish a lab report,blue circuit board,capture date; account containing target,partial,lab,search first account > switch account > same search > locate target,Target found in another account.,Switched Google account,found_exact,different_account,adjacent_availability,wrong_account,account_scope,none,Technical cause cannot be established from the account.
59,,Reddit-style (),,"Quick question about finding the baby's first-shoes photo. I needed it to complete a baby album. The date is gone from my memory, but tiny orange shoes is not. I tried ""woh shoes wali"" and then ""tiny orange shoes"". The results changed, but neither attempt found the exact image. Not sure whether language is the issue.",family,the baby's first-shoes photo,complete a baby album,tiny orange shoes,capture date,partial,woh shoes wali > tiny orange shoes,Hinglish phrase > English visual phrase > inspect results,Different wording returned different candidates; exact target still missing.,Switched query wording and language,unresolved,unknown,core_incomplete_memory,language_mismatch,language_expression,query_reformulation,Technical cause cannot be established from the account.
60,,Social-post-style (),,"Spent part of my evening looking for the garden flower photo. I needed it to compare this season's flowers. The date is gone from my memory, but red petals is not. I tried ""woh flower wali"" and then ""red petals"". The results changed, but neither attempt found the exact image. Not sure whether language is the issue.",hobby,the garden flower photo,compare this season's flowers,red petals,capture date,partial,woh flower wali > red petals,Hinglish phrase > English visual phrase > inspect results,Different wording returned different candidates; exact target still missing.,Switched query wording and language,unresolved,unknown,core_incomplete_memory,language_mismatch,language_expression,query_reformulation,Technical cause cannot be established from the account.
61,,YouTube-comment-style (),,"Abhi train booking ka screenshot chahiye thi. Kaam yeh tha: check a previous travel booking. blue booking panel yaad hai, month aur year bilkul nahi. ""train"" search karke bhi woh nahi dikhi. Timeline mein kaafi scroll kiya, phir chhod diya.",screenshot,the train booking screenshot,check a previous travel booking,blue booking panel,capture date,partial,train,subject search > timeline scrolling > stop,Subject results did not make the target easy to locate; no usable date anchor.,Scrolled timeline without a date anchor,abandoned,unknown,core_incomplete_memory,date_forgotten,temporal_narrowing,none,Technical cause cannot be established from the account.
62,,Support-forum-style (),,"Trying to recover the homemade bread photo. I needed it to compare my baking attempts. I remember flower-shaped loaf, but not the date. ""bread"" didn't find it and I checked the bin too. Maybe I deleted it, maybe it never backed up—I honestly don't know where it is now. 😩",food,the homemade bread photo,compare my baking attempts,flower-shaped loaf,capture date; current storage location,partial,bread,subject search > trash check > unresolved,Target absent from inspected results and trash; existence in library unconfirmed.,Checked trash,unresolved,unknown,adjacent_availability,availability_uncertain,availability_unknown,temporal_uncertainty,Technical cause cannot be established from the account.
63,,App-review-style (),,"Has anyone struggled to find the office notice photo. I needed it to check an old announcement. I remember red border, but not the date. ""notice"" didn't find it and I checked the bin too. Maybe I deleted it, maybe it never backed up—I honestly don't know where it is now. 🥲",work,the office notice photo,check an old announcement,red border,capture date; current storage location,partial,notice,subject search > trash check > unresolved,Target absent from inspected results and trash; existence in library unconfirmed.,Checked trash,unresolved,unknown,adjacent_availability,availability_uncertain,availability_unknown,temporal_uncertainty,Technical cause cannot be established from the account.
64,,Reddit-style (),,"Aaj zaroorat padi toh suitcase pe billi wali photo chahiye thi. Kaam yeh tha: send a funny memory to a friend. Date bhi nahi yaad aur kya type karun woh bhi samajh nahi aa raha tha. ""cat"" bahut broad tha. Phir ""red suitcase"" try kiya aur mil gayi. Chhota detail kaam aa gaya.",pets,the photo of the cat on a suitcase,send a funny memory to a friend,red suitcase,capture date; precise search wording,partial,cat > red suitcase,broad query > visual-detail query > recognise target,Rewording using a visible detail helped locate the target.,Replaced broad term with visible detail,found_exact,present_user_report,core_incomplete_memory,query_reformulation,clue_expression,iterative_reformulation,Technical cause cannot be established from the account.
65,,YouTube-comment-style (),,"Having trouble locating the product comparison screenshot. I needed it to resume a purchase comparison. I know I once saved it, but the appearance, date and place are all blank. I opened Photos and couldn't even decide what to type. Closed it again without searching.",screenshot,the product comparison screenshot,resume a purchase comparison,existence and broad purpose only,visual details; date; location,low,no query formulated,open Photos > fail to form query > stop,Unable to supply identifying details or begin a targeted search.,none attempted,abandoned,unknown,core_incomplete_memory,almost_no_clues,cue_availability,none,Technical cause cannot be established from the account.
66,,Support-forum-style (),,"Google Photos mein festival ke mithai box ki photo chahiye thi. Kaam yeh tha: reorder a similar gift. Image clearly yaad hai, gold ribbon bhi. Exactly ""gold ribbon"" search kiya, match nahi aaya. Kyun nahi aaya pata nahi; file abhi isi account mein hai ya nahi woh bhi check nahi kiya. 🤔",food,the festival sweet-box photo,reorder a similar gift,gold ribbon; exact target appearance,not stated,high,gold ribbon,precise visual query > no matching results,A clear visual query returned no match; technical cause unverified.,not stated,unresolved,unknown,adjacent_clear_memory,no_results_with_clear_cue,search_quality_hypothesis,unknown_indexing_state,Technical cause cannot be established from the account.
67,,App-review-style (),,"Ek help chahiye, visiting card ki photo chahiye thi. Kaam yeh tha: recover a professional contact. Image clearly yaad hai, blue logo bhi. Exactly ""blue logo"" search kiya, match nahi aaya. Kyun nahi aaya pata nahi; file abhi isi account mein hai ya nahi woh bhi check nahi kiya. 😕",work,the visiting-card photo,recover a professional contact,blue logo; exact target appearance,not stated,high,blue logo,precise visual query > no matching results,A clear visual query returned no match; technical cause unverified.,not stated,unresolved,unknown,adjacent_clear_memory,no_results_with_clear_cue,search_quality_hypothesis,unknown_indexing_state,Technical cause cannot be established from the account.
68,,Reddit-style (),,"Quick question about finding the aquarium photo. I needed it to compare an old tank setup. I couldn't remember its date, but I remembered another photo from the same day. I searched for that other image, checked its date, then browsed that day. That's how I found the one I actually wanted.",pets,the aquarium photo,compare an old tank setup,another photo captured on the same day,target capture date,partial,subject of a different photo from the same day,search related photo > inspect its date > browse that date,Related image supplied a date anchor for retrieval.,Used another image to locate the day,found_exact,present_user_report,core_incomplete_memory,anchor_photo,relational_navigation,none,Technical cause cannot be established from the account.
69,,YouTube-comment-style (),,"Abhi Goa ke chhote cafe ki photo chahiye thi. Kaam yeh tha: recommend the place to a friend. Image clearly yaad hai, yellow chairs bhi. Exactly ""yellow chairs"" search kiya, match nahi aaya. Kyun nahi aaya pata nahi; file abhi isi account mein hai ya nahi woh bhi check nahi kiya.",travel,the small Goa cafe photo,recommend the place to a friend,yellow chairs; exact target appearance,not stated,high,yellow chairs,precise visual query > no matching results,A clear visual query returned no match; technical cause unverified.,not stated,unresolved,unknown,adjacent_clear_memory,no_results_with_clear_cue,search_quality_hypothesis,unknown_indexing_state,Technical cause cannot be established from the account.
70,,YouTube-comment-style (),,"Abhi song recommendation ka screenshot chahiye thi. Kaam yeh tha: remember a recommended song. Date yaad nahi thi toh bas scroll kar raha tha. Kisi ne bola jo dikh raha tha woh search karo. ""red album cover"" dala aur mil gayi. Pata hi nahi tha yeh detail bhi search mein use kar sakte hain.",screenshot,the song recommendation screenshot,remember a recommended song,red album cover,capture date,partial,red album cover,manual scrolling > learn content search > visual query > recognise,Learning an existing retrieval route enabled success in this fictional case.,Tried subject/detail search after a suggestion,found_exact,present_user_report,core_incomplete_memory,feature_discovery,discoverability,clue_expression,Technical cause cannot be established from the account.
71,,App-review-style (),,"Has anyone struggled to find the roadside breakfast photo. I needed it to revisit a stop on our route. I couldn't remember its date, but I remembered another photo from the same day. I searched for that other image, checked its date, then browsed that day. That's how I found the one I actually wanted. 🙌",food,the roadside breakfast photo,revisit a stop on our route,another photo captured on the same day,target capture date,partial,subject of a different photo from the same day,search related photo > inspect its date > browse that date,Related image supplied a date anchor for retrieval.,Used another image to locate the day,found_exact,present_user_report,core_incomplete_memory,anchor_photo,relational_navigation,none,Technical cause cannot be established from the account.
72,,App-review-style (),,"Has anyone struggled to find the wall paint-sample photo. I needed it to choose the same paint shade. I remembered pale green patch and roughly the season, not the date. ""wall"" didn't get me there. I eventually found it by scrolling around that season and recognising it. ✨",home,the wall paint-sample photo,choose the same paint shade,pale green patch; approximate season,exact date,partial,wall,subject query > approximate-season scrolling > recognise target,Manual timeline browsing succeeded after an unhelpful search.,Scrolled approximate season,found_exact,present_user_report,core_incomplete_memory,manual_scroll_success,successful_workaround,none,Technical cause cannot be established from the account.
73,,Social-post-style (),,"Bas ek cheez dhoondhni thi, dawai ki strip wali photo chahiye thi. Kaam yeh tha: show the packaging at an appointment. Date yaad nahi thi toh bas scroll kar raha tha. Kisi ne bola jo dikh raha tha woh search karo. ""silver foil with orange print"" dala aur mil gayi. Pata hi nahi tha yeh detail bhi search mein use kar sakte hain.",health_document,the medicine-strip photo,show the packaging at an appointment,silver foil with orange print,capture date,partial,silver foil with orange print,manual scrolling > learn content search > visual query > recognise,Learning an existing retrieval route enabled success in this fictional case.,Tried subject/detail search after a suggestion,found_exact,present_user_report,core_incomplete_memory,feature_discovery,discoverability,clue_expression,Technical cause cannot be established from the account.
74,,YouTube-comment-style (),,"Having trouble locating the Jaipur courtyard photo. I needed it to plan a return visit. I remembered blue doorway and roughly the season, not the date. ""courtyard"" didn't get me there. I eventually found it by scrolling around that season and recognising it.",travel,the Jaipur courtyard photo,plan a return visit,blue doorway; approximate season,exact date,partial,courtyard,subject query > approximate-season scrolling > recognise target,Manual timeline browsing succeeded after an unhelpful search.,Scrolled approximate season,found_exact,present_user_report,core_incomplete_memory,manual_scroll_success,successful_workaround,none,Technical cause cannot be established from the account.
75,,Support-forum-style (),,"I wanted to pull up the internship listing screenshot. I needed it to check an application detail. I remembered blue company banner and roughly the season, not the date. ""internship"" didn't get me there. I eventually found it by scrolling around that season and recognising it.",screenshot,the internship listing screenshot,check an application detail,blue company banner; approximate season,exact date,partial,internship,subject query > approximate-season scrolling > recognise target,Manual timeline browsing succeeded after an unhelpful search.,Scrolled approximate season,found_exact,present_user_report,core_incomplete_memory,manual_scroll_success,successful_workaround,none,Technical cause cannot be established from the account.
76,,App-review-style (),,"Ek help chahiye, cousin ki engagement wali photo chahiye thi. Kaam yeh tha: send a memory to my cousin. orange backdrop yaad tha aur lag raha tha 2023 ki hogi. ""engagement 2023"" se nahi mili. Year hata diya toh mil gayi, actually 2022 ki thi. Date main hi galat yaad kar raha tha. ✨",family,the cousin's engagement photo,send a memory to my cousin,orange backdrop; tentative year 2023,exact date,uncertain,engagement 2023 > engagement,restrict to assumed year > remove year > locate target,Target appeared after removing incorrect year.,Removed year from query,found_exact,present_user_report,core_incomplete_memory,uncertain_date,incorrect_constraint,none,Technical cause cannot be established from the account.
77,,Reddit-style (),,"Yaar, mujhe toote hinge ki photo chahiye thi. Kaam yeh tha: show the earlier damage to a repairer. silver hinge yaad tha aur lag raha tha 2023 ki hogi. ""door 2023"" se nahi mili. Year hata diya toh mil gayi, actually 2022 ki thi. Date main hi galat yaad kar raha tha. 🙂",home,the broken hinge photo,show the earlier damage to a repairer,silver hinge; tentative year 2023,exact date,uncertain,door 2023 > door,restrict to assumed year > remove year > locate target,Target appeared after removing incorrect year.,Removed year from query,found_exact,present_user_report,core_incomplete_memory,uncertain_date,incorrect_constraint,none,Technical cause cannot be established from the account.
78,,Social-post-style (),,"Spent part of my evening looking for the old test-report photo. I needed it to locate a previous medical document. I remembered blue laboratory header, but not the date or the exact distinguishing detail. ""report"" showed something close enough for now, so I used that instead. It wasn't the image I had in mind.",health_document,the old test-report photo,locate a previous medical document,blue laboratory header,date; exact distinguishing detail,partial,report,subject search > inspect related images > use substitute,A related image was used; exact target not retrieved.,Used another relevant image,substitute_used,unknown,core_incomplete_memory,substitute_only,target_specificity,candidate_recognition,Technical cause cannot be established from the account.
79,,YouTube-comment-style (),,"Abhi pahadon ki chai tapri wali photo chahiye thi. Kaam yeh tha: tell a friend where we stopped. Kaunse year ki hai bilkul nahi yaad tha, bas orange tarpaulin. ""tea stall orange tarpaulin"" search kiya aur turant pehchaan li. Is baar poori library scroll nahi karni padi.",travel,the mountain tea stall photo,tell a friend where we stopped,orange tarpaulin,capture date,partial,tea stall orange tarpaulin,combine subject and visual clue > recognise target,Partial visual memory was sufficient for successful retrieval.,not needed,found_exact,present_user_report,core_incomplete_memory,query_success,successful_retrieval,none,Technical cause cannot be established from the account.
80,,Support-forum-style (),,"Purani gallery mein address ka screenshot chahiye thi. Kaam yeh tha: revisit a shop. Kaunse year ki hai bilkul nahi yaad tha, bas green map pin. ""address green map pin"" search kiya aur turant pehchaan li. Is baar poori library scroll nahi karni padi.",screenshot,the address screenshot,revisit a shop,green map pin,capture date,partial,address green map pin,combine subject and visual clue > recognise target,Partial visual memory was sufficient for successful retrieval.,not needed,found_exact,present_user_report,core_incomplete_memory,query_success,successful_retrieval,none,Technical cause cannot be established from the account.
81,,App-review-style (),,"Has anyone struggled to find the picture of dad fixing a bicycle. I needed it to make a birthday collage. I got down to a handful with yellow bicycle, but they look almost identical. I can't remember the date or the tiny detail that made the original different. Zooming hasn't helped me decide which is right. 😕",family,the picture of dad fixing a bicycle,make a birthday collage,yellow bicycle,capture date,partial,bicycle,subject search > small plausible set > zoom candidates,Several similar candidates; cannot confirm exact target.,Zoomed individual candidates,unconfirmed_match,unknown,core_incomplete_memory,near_duplicates,candidate_recognition,near_duplicate_ambiguity,Technical cause cannot be established from the account.
82,,Reddit-style (),,"I was looking for the kurta reference photo. I needed it to show a tailor the design. I got down to a handful with blue floral pattern, but they look almost identical. I can't remember the date or the tiny detail that made the original different. Zooming hasn't helped me decide which is right. 😩",shopping,the kurta reference photo,show a tailor the design,blue floral pattern,capture date,partial,kurta,subject search > small plausible set > zoom candidates,Several similar candidates; cannot confirm exact target.,Zoomed individual candidates,unconfirmed_match,unknown,core_incomplete_memory,near_duplicates,candidate_recognition,near_duplicate_ambiguity,Technical cause cannot be established from the account.
83,,Social-post-style (),,"Bas ek cheez dhoondhni thi, appliance bill ki photo chahiye thi. Kaam yeh tha: check a purchase for a service request. Start mein bas subject yaad tha, date nahi. ""receipt"" ke results dekhte-dekhte red shop stamp yaad aa gaya. Phir woh detail search ki aur mil gayi. Shuru mein yeh clue yaad hi nahi aa raha tha.",receipt,the appliance receipt photo,check a purchase for a service request,general subject initially; visual detail recalled during browsing,capture date,partial,receipt > red shop stamp,broad search > view candidates > recall detail > refine > find,Browsing prompted recall of an additional useful detail.,Refined using newly recalled detail,found_exact,present_user_report,core_incomplete_memory,clue_emerges,progressive_recall,iterative_reformulation,Technical cause cannot be established from the account.
84,,YouTube-comment-style (),,Having trouble locating the lakeside campsite photo. I needed it to share a memory with my cousins. Search just isn't helping me find it. Is anyone else having trouble with this?,travel,the lakeside campsite photo,share a memory with my cousins,not stated,not stated,not stated,not stated,search attempted; details not stated,Search difficulty reported without enough incident detail.,not stated,not stated,unknown,insufficient_detail,missing_context,unknown,none,Technical cause cannot be established from the account.
85,,Support-forum-style (),,I wanted to pull up the handwritten formula photo. I needed it to check a calculation. Search just isn't helping me find it. Is anyone else having trouble with this?,study,the handwritten formula photo,check a calculation,not stated,not stated,not stated,not stated,search attempted; details not stated,Search difficulty reported without enough incident detail.,not stated,not stated,unknown,insufficient_detail,missing_context,unknown,none,Technical cause cannot be established from the account.
86,,App-review-style (),,"Ek help chahiye, bachpan ke picnic ka scan chahiye thi. Kaam yeh tha: show an old memory to my sister. checkered blanket clear yaad hai, date nahi. ""picnic"" se bahut saare results aa gaye. Ek-ek khol ke dekha, exact wali nahi mili toh band kar diya. 🥲",family,the childhood picnic scan,show an old memory to my sister,checkered blanket,capture date,partial,picnic,broad subject search > inspect large result set > stop,Many plausible matches; target not located before stopping.,Opened individual matches,abandoned,unknown,core_incomplete_memory,too_many_matches,cue_discriminability,inspection_burden,Technical cause cannot be established from the account.
87,,Reddit-style (),,"Yaar, mujhe furniture reference ki photo chahiye thi. Kaam yeh tha: compare furniture designs. curved wooden legs clear yaad hai, date nahi. ""chair"" se bahut saare results aa gaye. Ek-ek khol ke dekha, exact wali nahi mili toh band kar diya. 🤔",shopping,the furniture reference photo,compare furniture designs,curved wooden legs,capture date,partial,chair,broad subject search > inspect large result set > stop,Many plausible matches; target not located before stopping.,Opened individual matches,abandoned,unknown,core_incomplete_memory,too_many_matches,cue_discriminability,inspection_burden,Technical cause cannot be established from the account.
88,,Social-post-style (),,"Spent part of my evening looking for the courier receipt photo. I needed it to look up an old shipment. A friend had sent it to me; I remembered green sticker, not when. Searching ""courier"" in Photos failed. I went back to our chat and found it there. I don't know whether I'd ever saved a copy to Photos.",receipt,the courier receipt photo,look up an old shipment,green sticker; received from a friend,received date,partial,courier,Photos search > revisit messaging conversation > retrieve original,Target located in a messaging conversation; Photos availability unconfirmed.,Searched original conversation,found_elsewhere,external_app_found_photos_unknown,adjacent_cross_app,received_copy,cross_app_origin,none,Technical cause cannot be established from the account.
89,,YouTube-comment-style (),,"Abhi birthday dessert wali photo chahiye thi. Kaam yeh tha: show a baker the decoration. Kal hi dekhi thi, originally kab li thi yaad nahi. Recently added mein check kiya par wahan nahi mili. Purani date guess karne ke bajaye kal kya khola tha woh mil jaata toh easy hota.",food,the birthday dessert photo,show a baker the decoration,viewed or edited target yesterday,original capture date,partial,not stated,look for recent activity > check recently added > unresolved,Recent interaction did not supply a usable route to an older image.,Checked recently added,unresolved,present_user_report,core_incomplete_memory,recent_interaction,activity_vs_capture_time,temporal_narrowing,Technical cause cannot be established from the account.
90,,Support-forum-style (),,"Purani gallery mein lab setup wali photo chahiye thi. Kaam yeh tha: finish a lab report. Kal hi dekhi thi, originally kab li thi yaad nahi. Recently added mein check kiya par wahan nahi mili. Purani date guess karne ke bajaye kal kya khola tha woh mil jaata toh easy hota.",study,the lab setup photo,finish a lab report,viewed or edited target yesterday,original capture date,partial,not stated,look for recent activity > check recently added > unresolved,Recent interaction did not supply a usable route to an older image.,Checked recently added,unresolved,present_user_report,core_incomplete_memory,recent_interaction,activity_vs_capture_time,temporal_narrowing,Technical cause cannot be established from the account.
91,,App-review-style (),,"Has anyone struggled to find the baby's first-shoes photo. I needed it to complete a baby album. I mostly remember why I saved it, not what it looked like or when. I typed ""the shoes that mattered to me"" and got unrelated things. I never added a description explaining why it mattered. 😕",family,the baby's first-shoes photo,complete a baby album,personal significance; original purpose,visible details; capture date,low,the shoes that mattered to me,personal-context query > inspect unrelated results,Personal significance query returned unrelated candidates.,not stated,unresolved,unknown,core_incomplete_memory,personal_meaning,cue_grounding_hypothesis,clue_expression,Technical cause cannot be established from the account.
92,,Reddit-style (),,"I was looking for the garden flower photo. I needed it to compare this season's flowers. I mostly remember why I saved it, not what it looked like or when. I typed ""the flower that mattered to me"" and got unrelated things. I never added a description explaining why it mattered. 😩",hobby,the garden flower photo,compare this season's flowers,personal significance; original purpose,visible details; capture date,low,the flower that mattered to me,personal-context query > inspect unrelated results,Personal significance query returned unrelated candidates.,not stated,unresolved,unknown,core_incomplete_memory,personal_meaning,cue_grounding_hypothesis,clue_expression,Technical cause cannot be established from the account.
93,,Social-post-style (),,"Bas ek cheez dhoondhni thi, train booking ka screenshot chahiye thi. Kaam yeh tha: check a previous travel booking. Date vague thi par blue booking panel yaad tha. Main account mein ""train"" baar-baar search kiya. Purane account pe switch kiya toh same search se mil gayi. Library hi galat thi.",screenshot,the train booking screenshot,check a previous travel booking,blue booking panel,capture date; account containing target,partial,train,search first account > switch account > same search > locate target,Target found in another account.,Switched Google account,found_exact,different_account,adjacent_availability,wrong_account,account_scope,none,Technical cause cannot be established from the account.
94,,Support-forum-style (),,"I wanted to pull up the street-food plate photo. I needed it to recommend a dish. I mostly remember why I saved it, not what it looked like or when. I typed ""the food that mattered to me"" and got unrelated things. I never added a description explaining why it mattered.",food,the street-food plate photo,recommend a dish,personal significance; original purpose,visible details; capture date,low,the food that mattered to me,personal-context query > inspect unrelated results,Personal significance query returned unrelated candidates.,not stated,unresolved,unknown,core_incomplete_memory,personal_meaning,cue_grounding_hypothesis,clue_expression,Technical cause cannot be established from the account.
95,,Support-forum-style (),,"I wanted to pull up the office notice photo. I needed it to check an old announcement. The date is gone from my memory, but red border is not. I tried ""woh notice wali"" and then ""red border"". The results changed, but neither attempt found the exact image. Not sure whether language is the issue.",work,the office notice photo,check an old announcement,red border,capture date,partial,woh notice wali > red border,Hinglish phrase > English visual phrase > inspect results,Different wording returned different candidates; exact target still missing.,Switched query wording and language,unresolved,unknown,core_incomplete_memory,language_mismatch,language_expression,query_reformulation,Technical cause cannot be established from the account.
96,,Reddit-style (),,"Yaar, mujhe chair ke neeche puppy wali photo chahiye thi. Kaam yeh tha: show how small our dog was. Date vague thi par striped cushion yaad tha. Main account mein ""dog"" baar-baar search kiya. Purane account pe switch kiya toh same search se mil gayi. Library hi galat thi. 😅",pets,the photo of our puppy under a chair,show how small our dog was,striped cushion,capture date; account containing target,partial,dog,search first account > switch account > same search > locate target,Target found in another account.,Switched Google account,found_exact,different_account,adjacent_availability,wrong_account,account_scope,none,Technical cause cannot be established from the account.
97,,YouTube-comment-style (),,"I needed the recipe screenshot. I needed it to cook the same meal again. The date is gone from my memory, but green ingredient heading is not. I tried ""woh recipe wali"" and then ""green ingredient heading"". The results changed, but neither attempt found the exact image. Not sure whether language is the issue.",screenshot,the recipe screenshot,cook the same meal again,green ingredient heading,capture date,partial,woh recipe wali > green ingredient heading,Hinglish phrase > English visual phrase > inspect results,Different wording returned different candidates; exact target still missing.,Switched query wording and language,unresolved,unknown,core_incomplete_memory,language_mismatch,language_expression,query_reformulation,Technical cause cannot be established from the account.
98,,Support-forum-style (),,"Purani gallery mein restaurant ki thali wali photo chahiye thi. Kaam yeh tha: show my mother a meal idea. blue bowl yaad hai, month aur year bilkul nahi. ""thali"" search karke bhi woh nahi dikhi. Timeline mein kaafi scroll kiya, phir chhod diya.",food,the restaurant thali photo,show my mother a meal idea,blue bowl,capture date,partial,thali,subject search > timeline scrolling > stop,Subject results did not make the target easy to locate; no usable date anchor.,Scrolled timeline without a date anchor,abandoned,unknown,core_incomplete_memory,date_forgotten,temporal_narrowing,none,Technical cause cannot be established from the account.
99,,App-review-style (),,"Pata nahi kaise milegi, project sketch ki photo chahiye thi. Kaam yeh tha: explain an earlier design idea. green sticky notes yaad hai, month aur year bilkul nahi. ""sketch"" search karke bhi woh nahi dikhi. Timeline mein kaafi scroll kiya, phir chhod diya.",work,the project sketch photo,explain an earlier design idea,green sticky notes,capture date,partial,sketch,subject search > timeline scrolling > stop,Subject results did not make the target easy to locate; no usable date anchor.,Scrolled timeline without a date anchor,abandoned,unknown,core_incomplete_memory,date_forgotten,temporal_narrowing,none,Technical cause cannot be established from the account.
100,,Reddit-style (),,"I was looking for the photo of the rescued bird. I needed it to update a rescue volunteer. I remember blue towel, but not the date. ""bird"" didn't find it and I checked the bin too. Maybe I deleted it, maybe it never backed up—I honestly don't know where it is now. 🤔",pets,the photo of the rescued bird,update a rescue volunteer,blue towel,capture date; current storage location,partial,bird,subject search > trash check > unresolved,Target absent from inspected results and trash; existence in library unconfirmed.,Checked trash,unresolved,unknown,adjacent_availability,availability_uncertain,availability_unknown,temporal_uncertainty,Technical cause cannot be established from the account.
101,,Social-post-style (),,"Bas ek cheez dhoondhni thi, Goa ke chhote cafe ki photo chahiye thi. Kaam yeh tha: recommend the place to a friend. Date bhi nahi yaad aur kya type karun woh bhi samajh nahi aa raha tha. ""cafe"" bahut broad tha. Phir ""yellow chairs"" try kiya aur mil gayi. Chhota detail kaam aa gaya.",travel,the small Goa cafe photo,recommend the place to a friend,yellow chairs,capture date; precise search wording,partial,cafe > yellow chairs,broad query > visual-detail query > recognise target,Rewording using a visible detail helped locate the target.,Replaced broad term with visible detail,found_exact,present_user_report,core_incomplete_memory,query_reformulation,clue_expression,iterative_reformulation,Technical cause cannot be established from the account.
102,,YouTube-comment-style (),,"Kal se funny chat ka screenshot chahiye thi. Kaam yeh tha: share an old joke. Date bhi nahi yaad aur kya type karun woh bhi samajh nahi aa raha tha. ""chat"" bahut broad tha. Phir ""purple chat background"" try kiya aur mil gayi. Chhota detail kaam aa gaya.",screenshot,the funny chat screenshot,share an old joke,purple chat background,capture date; precise search wording,partial,chat > purple chat background,broad query > visual-detail query > recognise target,Rewording using a visible detail helped locate the target.,Replaced broad term with visible detail,found_exact,present_user_report,core_incomplete_memory,query_reformulation,clue_expression,iterative_reformulation,Technical cause cannot be established from the account.
103,,Support-forum-style (),,"I wanted to pull up the roadside breakfast photo. I needed it to revisit a stop on our route. I know I once saved it, but the appearance, date and place are all blank. I opened Photos and couldn't even decide what to type. Closed it again without searching.",food,the roadside breakfast photo,revisit a stop on our route,existence and broad purpose only,visual details; date; location,low,no query formulated,open Photos > fail to form query > stop,Unable to supply identifying details or begin a targeted search.,none attempted,abandoned,unknown,core_incomplete_memory,almost_no_clues,cue_availability,none,Technical cause cannot be established from the account.
104,,App-review-style (),,"I went back to look for the rented-room photo. I needed it to compare rooms before moving. I know I once saved it, but the appearance, date and place are all blank. I opened Photos and couldn't even decide what to type. Closed it again without searching.",home,the rented-room photo,compare rooms before moving,existence and broad purpose only,visual details; date; location,low,no query formulated,open Photos > fail to form query > stop,Unable to supply identifying details or begin a targeted search.,none attempted,abandoned,unknown,core_incomplete_memory,almost_no_clues,cue_availability,none,Technical cause cannot be established from the account.
105,,Reddit-style (),,"Yaar, mujhe dawai ki strip wali photo chahiye thi. Kaam yeh tha: show the packaging at an appointment. Image clearly yaad hai, silver foil with orange print bhi. Exactly ""silver foil with orange print"" search kiya, match nahi aaya. Kyun nahi aaya pata nahi; file abhi isi account mein hai ya nahi woh bhi check nahi kiya. 😩",health_document,the medicine-strip photo,show the packaging at an appointment,silver foil with orange print; exact target appearance,not stated,high,silver foil with orange print,precise visual query > no matching results,A clear visual query returned no match; technical cause unverified.,not stated,unresolved,unknown,adjacent_clear_memory,no_results_with_clear_cue,search_quality_hypothesis,unknown_indexing_state,Technical cause cannot be established from the account.
106,,Social-post-style (),,"Spent part of my evening looking for the Jaipur courtyard photo. I needed it to plan a return visit. I couldn't remember its date, but I remembered another photo from the same day. I searched for that other image, checked its date, then browsed that day. That's how I found the one I actually wanted.",travel,the Jaipur courtyard photo,plan a return visit,another photo captured on the same day,target capture date,partial,subject of a different photo from the same day,search related photo > inspect its date > browse that date,Related image supplied a date anchor for retrieval.,Used another image to locate the day,found_exact,present_user_report,core_incomplete_memory,anchor_photo,relational_navigation,none,Technical cause cannot be established from the account.
107,,YouTube-comment-style (),,"I needed the internship listing screenshot. I needed it to check an application detail. I couldn't remember its date, but I remembered another photo from the same day. I searched for that other image, checked its date, then browsed that day. That's how I found the one I actually wanted.",screenshot,the internship listing screenshot,check an application detail,another photo captured on the same day,target capture date,partial,subject of a different photo from the same day,search related photo > inspect its date > browse that date,Related image supplied a date anchor for retrieval.,Used another image to locate the day,found_exact,present_user_report,core_incomplete_memory,anchor_photo,relational_navigation,none,Technical cause cannot be established from the account.
108,,Support-forum-style (),,"Purani gallery mein cousin ki engagement wali photo chahiye thi. Kaam yeh tha: send a memory to my cousin. Date yaad nahi thi toh bas scroll kar raha tha. Kisi ne bola jo dikh raha tha woh search karo. ""orange backdrop"" dala aur mil gayi. Pata hi nahi tha yeh detail bhi search mein use kar sakte hain.",family,the cousin's engagement photo,send a memory to my cousin,orange backdrop,capture date,partial,orange backdrop,manual scrolling > learn content search > visual query > recognise,Learning an existing retrieval route enabled success in this fictional case.,Tried subject/detail search after a suggestion,found_exact,present_user_report,core_incomplete_memory,feature_discovery,discoverability,clue_expression,Technical cause cannot be established from the account.
109,,App-review-style (),,"Pata nahi kaise milegi, toote hinge ki photo chahiye thi. Kaam yeh tha: show the earlier damage to a repairer. Date yaad nahi thi toh bas scroll kar raha tha. Kisi ne bola jo dikh raha tha woh search karo. ""silver hinge"" dala aur mil gayi. Pata hi nahi tha yeh detail bhi search mein use kar sakte hain.",home,the broken hinge photo,show the earlier damage to a repairer,silver hinge,capture date,partial,silver hinge,manual scrolling > learn content search > visual query > recognise,Learning an existing retrieval route enabled success in this fictional case.,Tried subject/detail search after a suggestion,found_exact,present_user_report,core_incomplete_memory,feature_discovery,discoverability,clue_expression,Technical cause cannot be established from the account.
110,,Reddit-style (),,"I was looking for the old test-report photo. I needed it to locate a previous medical document. I remembered blue laboratory header and roughly the season, not the date. ""report"" didn't get me there. I eventually found it by scrolling around that season and recognising it. 🙂",health_document,the old test-report photo,locate a previous medical document,blue laboratory header; approximate season,exact date,partial,report,subject query > approximate-season scrolling > recognise target,Manual timeline browsing succeeded after an unhelpful search.,Scrolled approximate season,found_exact,present_user_report,core_incomplete_memory,manual_scroll_success,successful_workaround,none,Technical cause cannot be established from the account.
111,,Social-post-style (),,"Bas ek cheez dhoondhni thi, pahadon ki chai tapri wali photo chahiye thi. Kaam yeh tha: tell a friend where we stopped. orange tarpaulin yaad tha aur lag raha tha 2023 ki hogi. ""tea stall 2023"" se nahi mili. Year hata diya toh mil gayi, actually 2022 ki thi. Date main hi galat yaad kar raha tha.",travel,the mountain tea stall photo,tell a friend where we stopped,orange tarpaulin; tentative year 2023,exact date,uncertain,tea stall 2023 > tea stall,restrict to assumed year > remove year > locate target,Target appeared after removing incorrect year.,Removed year from query,found_exact,present_user_report,core_incomplete_memory,uncertain_date,incorrect_constraint,none,Technical cause cannot be established from the account.
112,,YouTube-comment-style (),,"Kal se address ka screenshot chahiye thi. Kaam yeh tha: revisit a shop. green map pin yaad tha aur lag raha tha 2023 ki hogi. ""address 2023"" se nahi mili. Year hata diya toh mil gayi, actually 2022 ki thi. Date main hi galat yaad kar raha tha.",screenshot,the address screenshot,revisit a shop,green map pin; tentative year 2023,exact date,uncertain,address 2023 > address,restrict to assumed year > remove year > locate target,Target appeared after removing incorrect year.,Removed year from query,found_exact,present_user_report,core_incomplete_memory,uncertain_date,incorrect_constraint,none,Technical cause cannot be established from the account.
113,,Support-forum-style (),,"I wanted to pull up the picture of dad fixing a bicycle. I needed it to make a birthday collage. I remembered yellow bicycle, but not the date or the exact distinguishing detail. ""bicycle"" showed something close enough for now, so I used that instead. It wasn't the image I had in mind.",family,the picture of dad fixing a bicycle,make a birthday collage,yellow bicycle,date; exact distinguishing detail,partial,bicycle,subject search > inspect related images > use substitute,A related image was used; exact target not retrieved.,Used another relevant image,substitute_used,unknown,core_incomplete_memory,substitute_only,target_specificity,candidate_recognition,Technical cause cannot be established from the account.
114,,App-review-style (),,"I went back to look for the kurta reference photo. I needed it to show a tailor the design. I remembered blue floral pattern, but not the date or the exact distinguishing detail. ""kurta"" showed something close enough for now, so I used that instead. It wasn't the image I had in mind.",shopping,the kurta reference photo,show a tailor the design,blue floral pattern,date; exact distinguishing detail,partial,kurta,subject search > inspect related images > use substitute,A related image was used; exact target not retrieved.,Used another relevant image,substitute_used,unknown,core_incomplete_memory,substitute_only,target_specificity,candidate_recognition,Technical cause cannot be established from the account.
115,,Reddit-style (),,"Yaar, mujhe appliance bill ki photo chahiye thi. Kaam yeh tha: check a purchase for a service request. Kaunse year ki hai bilkul nahi yaad tha, bas red shop stamp. ""receipt red shop stamp"" search kiya aur turant pehchaan li. Is baar poori library scroll nahi karni padi. 😅",receipt,the appliance receipt photo,check a purchase for a service request,red shop stamp,capture date,partial,receipt red shop stamp,combine subject and visual clue > recognise target,Partial visual memory was sufficient for successful retrieval.,not needed,found_exact,present_user_report,core_incomplete_memory,query_success,successful_retrieval,none,Technical cause cannot be established from the account.
116,,YouTube-comment-style (),,"I needed the beach shack menu photo. I needed it to check what we ordered. I remembered purple menu cover, but not the date or the exact distinguishing detail. ""menu"" showed something close enough for now, so I used that instead. It wasn't the image I had in mind.",travel,the beach shack menu photo,check what we ordered,purple menu cover,date; exact distinguishing detail,partial,menu,subject search > inspect related images > use substitute,A related image was used; exact target not retrieved.,Used another relevant image,substitute_used,unknown,core_incomplete_memory,substitute_only,target_specificity,candidate_recognition,Technical cause cannot be established from the account.
117,,YouTube-comment-style (),,"I needed the handwritten formula photo. I needed it to check a calculation. I got down to a handful with purple ink, but they look almost identical. I can't remember the date or the tiny detail that made the original different. Zooming hasn't helped me decide which is right.",study,the handwritten formula photo,check a calculation,purple ink,capture date,partial,notes,subject search > small plausible set > zoom candidates,Several similar candidates; cannot confirm exact target.,Zoomed individual candidates,unconfirmed_match,unknown,core_incomplete_memory,near_duplicates,candidate_recognition,near_duplicate_ambiguity,Technical cause cannot be established from the account.
118,,App-review-style (),,"Pata nahi kaise milegi, sibling ki graduation wali photo chahiye thi. Kaam yeh tha: print a family keepsake. Kaunse year ki hai bilkul nahi yaad tha, bas red sash. ""graduation red sash"" search kiya aur turant pehchaan li. Is baar poori library scroll nahi karni padi.",family,the sibling's graduation photo,print a family keepsake,red sash,capture date,partial,graduation red sash,combine subject and visual clue > recognise target,Partial visual memory was sufficient for successful retrieval.,not needed,found_exact,present_user_report,core_incomplete_memory,query_success,successful_retrieval,none,Technical cause cannot be established from the account.
119,,App-review-style (),,"Pata nahi kaise milegi, furniture reference ki photo chahiye thi. Kaam yeh tha: compare furniture designs. Start mein bas subject yaad tha, date nahi. ""chair"" ke results dekhte-dekhte curved wooden legs yaad aa gaya. Phir woh detail search ki aur mil gayi. Shuru mein yeh clue yaad hi nahi aa raha tha.",shopping,the furniture reference photo,compare furniture designs,general subject initially; visual detail recalled during browsing,capture date,partial,chair > curved wooden legs,broad search > view candidates > recall detail > refine > find,Browsing prompted recall of an additional useful detail.,Refined using newly recalled detail,found_exact,present_user_report,core_incomplete_memory,clue_emerges,progressive_recall,iterative_reformulation,Technical cause cannot be established from the account.
120,,Social-post-style (),,"I opened Google Photos to find the parking receipt photo. I needed it to resolve an expense claim. I got down to a handful with orange ticket, but they look almost identical. I can't remember the date or the tiny detail that made the original different. Zooming hasn't helped me decide which is right. 🥲",receipt,the parking receipt photo,resolve an expense claim,orange ticket,capture date,partial,ticket,subject search > small plausible set > zoom candidates,Several similar candidates; cannot confirm exact target.,Zoomed individual candidates,unconfirmed_match,unknown,core_incomplete_memory,near_duplicates,candidate_recognition,near_duplicate_ambiguity,Technical cause cannot be established from the account.
121,,YouTube-comment-style (),,"Kal se purane hotel ke entrance ki photo chahiye thi. Kaam yeh tha: identify where we stayed. Start mein bas subject yaad tha, date nahi. ""hotel"" ke results dekhte-dekhte round window yaad aa gaya. Phir woh detail search ki aur mil gayi. Shuru mein yeh clue yaad hi nahi aa raha tha.",travel,the old hotel entrance photo,identify where we stayed,general subject initially; visual detail recalled during browsing,capture date,partial,hotel > round window,broad search > view candidates > recall detail > refine > find,Browsing prompted recall of an additional useful detail.,Refined using newly recalled detail,found_exact,present_user_report,core_incomplete_memory,clue_emerges,progressive_recall,iterative_reformulation,Technical cause cannot be established from the account.
122,,Support-forum-style (),,"Google Photos mein assignment instructions ki photo chahiye thi. Kaam yeh tha: confirm the submission requirement. Start mein bas subject yaad tha, date nahi. ""assignment"" ke results dekhte-dekhte yellow highlighted line yaad aa gaya. Phir woh detail search ki aur mil gayi. Shuru mein yeh clue yaad hi nahi aa raha tha.",study,the assignment instruction photo,confirm the submission requirement,general subject initially; visual detail recalled during browsing,capture date,partial,assignment > yellow highlighted line,broad search > view candidates > recall detail > refine > find,Browsing prompted recall of an additional useful detail.,Refined using newly recalled detail,found_exact,present_user_report,core_incomplete_memory,clue_emerges,progressive_recall,iterative_reformulation,Technical cause cannot be established from the account.
123,,App-review-style (),,I went back to look for the wedding dance photo. I needed it to send it to the person dancing. Search just isn't helping me find it. Is anyone else having trouble with this?,family,the wedding dance photo,send it to the person dancing,not stated,not stated,not stated,not stated,search attempted; details not stated,Search difficulty reported without enough incident detail.,not stated,not stated,unknown,insufficient_detail,missing_context,unknown,none,Technical cause cannot be established from the account.
124,,Reddit-style (),,Quick question about finding the crochet project photo. I needed it to recreate an earlier pattern. Search just isn't helping me find it. Is anyone else having trouble with this?,hobby,the crochet project photo,recreate an earlier pattern,not stated,not stated,not stated,not stated,search attempted; details not stated,Search difficulty reported without enough incident detail.,not stated,not stated,unknown,insufficient_detail,missing_context,unknown,none,Technical cause cannot be established from the account.
125,,Social-post-style (),,"Kisi ko idea hai? Mujhe repair invoice wali photo chahiye thi. Kaam yeh tha: check what was repaired. purple company logo clear yaad hai, date nahi. ""invoice"" se bahut saare results aa gaye. Ek-ek khol ke dekha, exact wali nahi mili toh band kar diya. 😕",receipt,the repair invoice photo,check what was repaired,purple company logo,capture date,partial,invoice,broad subject search > inspect large result set > stop,Many plausible matches; target not located before stopping.,Opened individual matches,abandoned,unknown,core_incomplete_memory,too_many_matches,cue_discriminability,inspection_burden,Technical cause cannot be established from the account.
126,,YouTube-comment-style (),,"I needed the street-food plate photo. I needed it to recommend a dish. A friend had sent it to me; I remembered square steel plate, not when. Searching ""food"" in Photos failed. I went back to our chat and found it there. I don't know whether I'd ever saved a copy to Photos.",food,the street-food plate photo,recommend a dish,square steel plate; received from a friend,received date,partial,food,Photos search > revisit messaging conversation > retrieve original,Target located in a messaging conversation; Photos availability unconfirmed.,Searched original conversation,found_elsewhere,external_app_found_photos_unknown,adjacent_cross_app,received_copy,cross_app_origin,none,Technical cause cannot be established from the account.
127,,Support-forum-style (),,"Trying to recover the workshop slide photo. I needed it to recall a point from a session. A friend had sent it to me; I remembered orange pie chart, not when. Searching ""presentation"" in Photos failed. I went back to our chat and found it there. I don't know whether I'd ever saved a copy to Photos.",work,the workshop slide photo,recall a point from a session,orange pie chart; received from a friend,received date,partial,presentation,Photos search > revisit messaging conversation > retrieve original,Target located in a messaging conversation; Photos availability unconfirmed.,Searched original conversation,found_elsewhere,external_app_found_photos_unknown,adjacent_cross_app,received_copy,cross_app_origin,none,Technical cause cannot be established from the account.
128,,App-review-style (),,"Pata nahi kaise milegi, chair ke neeche puppy wali photo chahiye thi. Kaam yeh tha: show how small our dog was. Kal hi dekhi thi, originally kab li thi yaad nahi. Recently added mein check kiya par wahan nahi mili. Purani date guess karne ke bajaye kal kya khola tha woh mil jaata toh easy hota.",pets,the photo of our puppy under a chair,show how small our dog was,viewed or edited target yesterday,original capture date,partial,not stated,look for recent activity > check recently added > unresolved,Recent interaction did not supply a usable route to an older image.,Checked recently added,unresolved,present_user_report,core_incomplete_memory,recent_interaction,activity_vs_capture_time,temporal_narrowing,Technical cause cannot be established from the account.
129,,Reddit-style (),,"Aaj zaroorat padi toh family performance wali video chahiye thi. Kaam yeh tha: share a clip with relatives. Kal hi dekhi thi, originally kab li thi yaad nahi. Recently added mein check kiya par wahan nahi mili. Purani date guess karne ke bajaye kal kya khola tha woh mil jaata toh easy hota.",video,the family performance video,share a clip with relatives,viewed or edited target yesterday,original capture date,partial,not stated,look for recent activity > check recently added > unresolved,Recent interaction did not supply a usable route to an older image.,Checked recently added,unresolved,present_user_report,core_incomplete_memory,recent_interaction,activity_vs_capture_time,temporal_narrowing,Technical cause cannot be established from the account.
130,,Social-post-style (),,"I opened Google Photos to find the recipe screenshot. I needed it to cook the same meal again. I mostly remember why I saved it, not what it looked like or when. I typed ""the recipe that mattered to me"" and got unrelated things. I never added a description explaining why it mattered. 🥲",screenshot,the recipe screenshot,cook the same meal again,personal significance; original purpose,visible details; capture date,low,the recipe that mattered to me,personal-context query > inspect unrelated results,Personal significance query returned unrelated candidates.,not stated,unresolved,unknown,core_incomplete_memory,personal_meaning,cue_grounding_hypothesis,clue_expression,Technical cause cannot be established from the account.
131,,YouTube-comment-style (),,"Kal se restaurant ki thali wali photo chahiye thi. Kaam yeh tha: show my mother a meal idea. Date vague thi par blue bowl yaad tha. Main account mein ""thali"" baar-baar search kiya. Purane account pe switch kiya toh same search se mil gayi. Library hi galat thi.",food,the restaurant thali photo,show my mother a meal idea,blue bowl,capture date; account containing target,partial,thali,search first account > switch account > same search > locate target,Target found in another account.,Switched Google account,found_exact,different_account,adjacent_availability,wrong_account,account_scope,none,Technical cause cannot be established from the account.
132,,Support-forum-style (),,"Google Photos mein project sketch ki photo chahiye thi. Kaam yeh tha: explain an earlier design idea. Date vague thi par green sticky notes yaad tha. Main account mein ""sketch"" baar-baar search kiya. Purane account pe switch kiya toh same search se mil gayi. Library hi galat thi.",work,the project sketch photo,explain an earlier design idea,green sticky notes,capture date; account containing target,partial,sketch,search first account > switch account > same search > locate target,Target found in another account.,Switched Google account,found_exact,different_account,adjacent_availability,wrong_account,account_scope,none,Technical cause cannot be established from the account.
133,,App-review-style (),,"I went back to look for the photo of the rescued bird. I needed it to update a rescue volunteer. The date is gone from my memory, but blue towel is not. I tried ""woh bird wali"" and then ""blue towel"". The results changed, but neither attempt found the exact image. Not sure whether language is the issue.",pets,the photo of the rescued bird,update a rescue volunteer,blue towel,capture date,partial,woh bird wali > blue towel,Hinglish phrase > English visual phrase > inspect results,Different wording returned different candidates; exact target still missing.,Switched query wording and language,unresolved,unknown,core_incomplete_memory,language_mismatch,language_expression,query_reformulation,Technical cause cannot be established from the account.
134,,Reddit-style (),,"Yaar, mujhe Goa ke chhote cafe ki photo chahiye thi. Kaam yeh tha: recommend the place to a friend. yellow chairs yaad hai, month aur year bilkul nahi. ""cafe"" search karke bhi woh nahi dikhi. Timeline mein kaafi scroll kiya, phir chhod diya. 🤔",travel,the small Goa cafe photo,recommend the place to a friend,yellow chairs,capture date,partial,cafe,subject search > timeline scrolling > stop,Subject results did not make the target easy to locate; no usable date anchor.,Scrolled timeline without a date anchor,abandoned,unknown,core_incomplete_memory,date_forgotten,temporal_narrowing,none,Technical cause cannot be established from the account.
135,,Social-post-style (),,"Kisi ko idea hai? Mujhe funny chat ka screenshot chahiye thi. Kaam yeh tha: share an old joke. purple chat background yaad hai, month aur year bilkul nahi. ""chat"" search karke bhi woh nahi dikhi. Timeline mein kaafi scroll kiya, phir chhod diya. 😕",screenshot,the funny chat screenshot,share an old joke,purple chat background,capture date,partial,chat,subject search > timeline scrolling > stop,Subject results did not make the target easy to locate; no usable date anchor.,Scrolled timeline without a date anchor,abandoned,unknown,core_incomplete_memory,date_forgotten,temporal_narrowing,none,Technical cause cannot be established from the account.
136,,YouTube-comment-style (),,"I needed the roadside breakfast photo. I needed it to revisit a stop on our route. I remember red plastic table, but not the date. ""breakfast"" didn't find it and I checked the bin too. Maybe I deleted it, maybe it never backed up—I honestly don't know where it is now.",food,the roadside breakfast photo,revisit a stop on our route,red plastic table,capture date; current storage location,partial,breakfast,subject search > trash check > unresolved,Target absent from inspected results and trash; existence in library unconfirmed.,Checked trash,unresolved,unknown,adjacent_availability,availability_uncertain,availability_unknown,temporal_uncertainty,Technical cause cannot be established from the account.
137,,Support-forum-style (),,"Trying to recover the rented-room photo. I needed it to compare rooms before moving. I remember yellow wardrobe, but not the date. ""room"" didn't find it and I checked the bin too. Maybe I deleted it, maybe it never backed up—I honestly don't know where it is now.",home,the rented-room photo,compare rooms before moving,yellow wardrobe,capture date; current storage location,partial,room,subject search > trash check > unresolved,Target absent from inspected results and trash; existence in library unconfirmed.,Checked trash,unresolved,unknown,adjacent_availability,availability_uncertain,availability_unknown,temporal_uncertainty,Technical cause cannot be established from the account.
138,,App-review-style (),,"Pata nahi kaise milegi, dawai ki strip wali photo chahiye thi. Kaam yeh tha: show the packaging at an appointment. Date bhi nahi yaad aur kya type karun woh bhi samajh nahi aa raha tha. ""medicine"" bahut broad tha. Phir ""silver foil with orange print"" try kiya aur mil gayi. Chhota detail kaam aa gaya.",health_document,the medicine-strip photo,show the packaging at an appointment,silver foil with orange print,capture date; precise search wording,partial,medicine > silver foil with orange print,broad query > visual-detail query > recognise target,Rewording using a visible detail helped locate the target.,Replaced broad term with visible detail,found_exact,present_user_report,core_incomplete_memory,query_reformulation,clue_expression,iterative_reformulation,Technical cause cannot be established from the account.
139,,Social-post-style (),,"I opened Google Photos to find the Manali homestay balcony photo. I needed it to show my family the view. I remember red railing, but not the date. ""balcony"" didn't find it and I checked the bin too. Maybe I deleted it, maybe it never backed up—I honestly don't know where it is now. 😕",travel,the Manali homestay balcony photo,show my family the view,red railing,capture date; current storage location,partial,balcony,subject search > trash check > unresolved,Target absent from inspected results and trash; existence in library unconfirmed.,Checked trash,unresolved,unknown,adjacent_availability,availability_uncertain,availability_unknown,temporal_uncertainty,Technical cause cannot be established from the account.
140,,Social-post-style (),,"I opened Google Photos to find the internship listing screenshot. I needed it to check an application detail. I know I once saved it, but the appearance, date and place are all blank. I opened Photos and couldn't even decide what to type. Closed it again without searching. 🥲",screenshot,the internship listing screenshot,check an application detail,existence and broad purpose only,visual details; date; location,low,no query formulated,open Photos > fail to form query > stop,Unable to supply identifying details or begin a targeted search.,none attempted,abandoned,unknown,core_incomplete_memory,almost_no_clues,cue_availability,none,Technical cause cannot be established from the account.
141,,Support-forum-style (),,"Google Photos mein dadi ki haste hue wali photo chahiye thi. Kaam yeh tha: make a family slideshow. Date bhi nahi yaad aur kya type karun woh bhi samajh nahi aa raha tha. ""grandma"" bahut broad tha. Phir ""purple shawl"" try kiya aur mil gayi. Chhota detail kaam aa gaya.",family,the picture of grandma laughing,make a family slideshow,purple shawl,capture date; precise search wording,partial,grandma > purple shawl,broad query > visual-detail query > recognise target,Rewording using a visible detail helped locate the target.,Replaced broad term with visible detail,found_exact,present_user_report,core_incomplete_memory,query_reformulation,clue_expression,iterative_reformulation,Technical cause cannot be established from the account.
142,,Support-forum-style (),,"Google Photos mein toote hinge ki photo chahiye thi. Kaam yeh tha: show the earlier damage to a repairer. Image clearly yaad hai, silver hinge bhi. Exactly ""silver hinge"" search kiya, match nahi aaya. Kyun nahi aaya pata nahi; file abhi isi account mein hai ya nahi woh bhi check nahi kiya.",home,the broken hinge photo,show the earlier damage to a repairer,silver hinge; exact target appearance,not stated,high,silver hinge,precise visual query > no matching results,A clear visual query returned no match; technical cause unverified.,not stated,unresolved,unknown,adjacent_clear_memory,no_results_with_clear_cue,search_quality_hypothesis,unknown_indexing_state,Technical cause cannot be established from the account.
143,,Reddit-style (),,"Quick question about finding the handwritten prescription photo. I needed it to share the document with a clinician. I know I once saved it, but the appearance, date and place are all blank. I opened Photos and couldn't even decide what to type. Closed it again without searching.",health_document,the handwritten prescription photo,share the document with a clinician,existence and broad purpose only,visual details; date; location,low,no query formulated,open Photos > fail to form query > stop,Unable to supply identifying details or begin a targeted search.,none attempted,abandoned,unknown,core_incomplete_memory,almost_no_clues,cue_availability,none,Technical cause cannot be established from the account.
144,,Social-post-style (),,"Kisi ko idea hai? Mujhe baarish wale railway platform ki photo chahiye thi. Kaam yeh tha: remember a journey with my brother. Image clearly yaad hai, green bench bhi. Exactly ""green bench"" search kiya, match nahi aaya. Kyun nahi aaya pata nahi; file abhi isi account mein hai ya nahi woh bhi check nahi kiya. 🥲",travel,the rainy railway platform photo,remember a journey with my brother,green bench; exact target appearance,not stated,high,green bench,precise visual query > no matching results,A clear visual query returned no match; technical cause unverified.,not stated,unresolved,unknown,adjacent_clear_memory,no_results_with_clear_cue,search_quality_hypothesis,unknown_indexing_state,Technical cause cannot be established from the account.
145,,YouTube-comment-style (),,"Abhi save kiya meme chahiye thi. Kaam yeh tha: send the joke during a conversation. Image clearly yaad hai, yellow cartoon character bhi. Exactly ""yellow cartoon character"" search kiya, match nahi aaya. Kyun nahi aaya pata nahi; file abhi isi account mein hai ya nahi woh bhi check nahi kiya. 🤔",screenshot,the saved meme,send the joke during a conversation,yellow cartoon character; exact target appearance,not stated,high,yellow cartoon character,precise visual query > no matching results,A clear visual query returned no match; technical cause unverified.,not stated,unresolved,unknown,adjacent_clear_memory,no_results_with_clear_cue,search_quality_hypothesis,unknown_indexing_state,Technical cause cannot be established from the account.
146,,Support-forum-style (),,"Trying to recover the school farewell group photo. I needed it to share it in our reunion group. I couldn't remember its date, but I remembered another photo from the same day. I searched for that other image, checked its date, then browsed that day. That's how I found the one I actually wanted.",family,the school farewell group photo,share it in our reunion group,another photo captured on the same day,target capture date,partial,subject of a different photo from the same day,search related photo > inspect its date > browse that date,Related image supplied a date anchor for retrieval.,Used another image to locate the day,found_exact,present_user_report,core_incomplete_memory,anchor_photo,relational_navigation,none,Technical cause cannot be established from the account.
147,,App-review-style (),,"Has anyone struggled to find the electricity-meter photo. I needed it to check an older meter reading. I couldn't remember its date, but I remembered another photo from the same day. I searched for that other image, checked its date, then browsed that day. That's how I found the one I actually wanted.",home,the electricity-meter photo,check an older meter reading,another photo captured on the same day,target capture date,partial,subject of a different photo from the same day,search related photo > inspect its date > browse that date,Related image supplied a date anchor for retrieval.,Used another image to locate the day,found_exact,present_user_report,core_incomplete_memory,anchor_photo,relational_navigation,none,Technical cause cannot be established from the account.
148,,Reddit-style (),,"Aaj zaroorat padi toh physiotherapy exercise wali photo chahiye thi. Kaam yeh tha: show which exercise sheet I was given. Date yaad nahi thi toh bas scroll kar raha tha. Kisi ne bola jo dikh raha tha woh search karo. ""yellow resistance band"" dala aur mil gayi. Pata hi nahi tha yeh detail bhi search mein use kar sakte hain.",health_document,the physiotherapy exercise photo,show which exercise sheet I was given,yellow resistance band,capture date,partial,yellow resistance band,manual scrolling > learn content search > visual query > recognise,Learning an existing retrieval route enabled success in this fictional case.,Tried subject/detail search after a suggestion,found_exact,present_user_report,core_incomplete_memory,feature_discovery,discoverability,clue_expression,Technical cause cannot be established from the account.
149,,Social-post-style (),,"I opened Google Photos to find the beach shack menu photo. I needed it to check what we ordered. I remembered purple menu cover and roughly the season, not the date. ""menu"" didn't get me there. I eventually found it by scrolling around that season and recognising it. 🙌",travel,the beach shack menu photo,check what we ordered,purple menu cover; approximate season,exact date,partial,menu,subject query > approximate-season scrolling > recognise target,Manual timeline browsing succeeded after an unhelpful search.,Scrolled approximate season,found_exact,present_user_report,core_incomplete_memory,manual_scroll_success,successful_workaround,none,Technical cause cannot be established from the account.
150,,YouTube-comment-style (),,"Having trouble locating the whiteboard diagram photo. I needed it to revise a class explanation. I remembered red arrows and roughly the season, not the date. ""whiteboard"" didn't get me there. I eventually found it by scrolling around that season and recognising it. 😅",study,the whiteboard diagram photo,revise a class explanation,red arrows; approximate season,exact date,partial,whiteboard,subject query > approximate-season scrolling > recognise target,Manual timeline browsing succeeded after an unhelpful search.,Scrolled approximate season,found_exact,present_user_report,core_incomplete_memory,manual_scroll_success,successful_workaround,none,Technical cause cannot be established from the account.
151,,Support-forum-style (),,"Google Photos mein sibling ki graduation wali photo chahiye thi. Kaam yeh tha: print a family keepsake. red sash yaad tha aur lag raha tha 2023 ki hogi. ""graduation 2023"" se nahi mili. Year hata diya toh mil gayi, actually 2022 ki thi. Date main hi galat yaad kar raha tha.",family,the sibling's graduation photo,print a family keepsake,red sash; tentative year 2023,exact date,uncertain,graduation 2023 > graduation,restrict to assumed year > remove year > locate target,Target appeared after removing incorrect year.,Removed year from query,found_exact,present_user_report,core_incomplete_memory,uncertain_date,incorrect_constraint,none,Technical cause cannot be established from the account.
152,,App-review-style (),,"Ek help chahiye, shoe store wali photo chahiye thi. Kaam yeh tha: find the pair I liked. orange shoelaces yaad tha aur lag raha tha 2023 ki hogi. ""shoes 2023"" se nahi mili. Year hata diya toh mil gayi, actually 2022 ki thi. Date main hi galat yaad kar raha tha.",shopping,the shoe-store photo,find the pair I liked,orange shoelaces; tentative year 2023,exact date,uncertain,shoes 2023 > shoes,restrict to assumed year > remove year > locate target,Target appeared after removing incorrect year.,Removed year from query,found_exact,present_user_report,core_incomplete_memory,uncertain_date,incorrect_constraint,none,Technical cause cannot be established from the account.
153,,Reddit-style (),,"Quick question about finding the parking receipt photo. I needed it to resolve an expense claim. I remembered orange ticket, but not the date or the exact distinguishing detail. ""ticket"" showed something close enough for now, so I used that instead. It wasn't the image I had in mind.",receipt,the parking receipt photo,resolve an expense claim,orange ticket,date; exact distinguishing detail,partial,ticket,subject search > inspect related images > use substitute,A related image was used; exact target not retrieved.,Used another relevant image,substitute_used,unknown,core_incomplete_memory,substitute_only,target_specificity,candidate_recognition,Technical cause cannot be established from the account.
154,,Social-post-style (),,"Kisi ko idea hai? Mujhe purane hotel ke entrance ki photo chahiye thi. Kaam yeh tha: identify where we stayed. Kaunse year ki hai bilkul nahi yaad tha, bas round window. ""hotel round window"" search kiya aur turant pehchaan li. Is baar poori library scroll nahi karni padi. ✨",travel,the old hotel entrance photo,identify where we stayed,round window,capture date,partial,hotel round window,combine subject and visual clue > recognise target,Partial visual memory was sufficient for successful retrieval.,not needed,found_exact,present_user_report,core_incomplete_memory,query_success,successful_retrieval,none,Technical cause cannot be established from the account.
155,,YouTube-comment-style (),,"Abhi assignment instructions ki photo chahiye thi. Kaam yeh tha: confirm the submission requirement. Kaunse year ki hai bilkul nahi yaad tha, bas yellow highlighted line. ""assignment yellow highlighted line"" search kiya aur turant pehchaan li. Is baar poori library scroll nahi karni padi. 🙂",study,the assignment instruction photo,confirm the submission requirement,yellow highlighted line,capture date,partial,assignment yellow highlighted line,combine subject and visual clue > recognise target,Partial visual memory was sufficient for successful retrieval.,not needed,found_exact,present_user_report,core_incomplete_memory,query_success,successful_retrieval,none,Technical cause cannot be established from the account.
156,,Support-forum-style (),,"Trying to recover the wedding dance photo. I needed it to send it to the person dancing. I got down to a handful with green stage lights, but they look almost identical. I can't remember the date or the tiny detail that made the original different. Zooming hasn't helped me decide which is right.",family,the wedding dance photo,send it to the person dancing,green stage lights,capture date,partial,wedding,subject search > small plausible set > zoom candidates,Several similar candidates; cannot confirm exact target.,Zoomed individual candidates,unconfirmed_match,unknown,core_incomplete_memory,near_duplicates,candidate_recognition,near_duplicate_ambiguity,Technical cause cannot be established from the account.
157,,App-review-style (),,"Has anyone struggled to find the crochet project photo. I needed it to recreate an earlier pattern. I got down to a handful with purple yarn, but they look almost identical. I can't remember the date or the tiny detail that made the original different. Zooming hasn't helped me decide which is right.",hobby,the crochet project photo,recreate an earlier pattern,purple yarn,capture date,partial,crochet,subject search > small plausible set > zoom candidates,Several similar candidates; cannot confirm exact target.,Zoomed individual candidates,unconfirmed_match,unknown,core_incomplete_memory,near_duplicates,candidate_recognition,near_duplicate_ambiguity,Technical cause cannot be established from the account.
158,,Reddit-style (),,"Aaj zaroorat padi toh repair invoice wali photo chahiye thi. Kaam yeh tha: check what was repaired. Start mein bas subject yaad tha, date nahi. ""invoice"" ke results dekhte-dekhte purple company logo yaad aa gaya. Phir woh detail search ki aur mil gayi. Shuru mein yeh clue yaad hi nahi aa raha tha.",receipt,the repair invoice photo,check what was repaired,general subject initially; visual detail recalled during browsing,capture date,partial,invoice > purple company logo,broad search > view candidates > recall detail > refine > find,Browsing prompted recall of an additional useful detail.,Refined using newly recalled detail,found_exact,present_user_report,core_incomplete_memory,clue_emerges,progressive_recall,iterative_reformulation,Technical cause cannot be established from the account.
159,,Social-post-style (),,I opened Google Photos to find the street-food plate photo. I needed it to recommend a dish. Search just isn't helping me find it. Is anyone else having trouble with this? 😕,food,the street-food plate photo,recommend a dish,not stated,not stated,not stated,not stated,search attempted; details not stated,Search difficulty reported without enough incident detail.,not stated,not stated,unknown,insufficient_detail,missing_context,unknown,none,Technical cause cannot be established from the account.
160,,YouTube-comment-style (),,Having trouble locating the workshop slide photo. I needed it to recall a point from a session. Search just isn't helping me find it. Is anyone else having trouble with this? 😩,work,the workshop slide photo,recall a point from a session,not stated,not stated,not stated,not stated,search attempted; details not stated,Search difficulty reported without enough incident detail.,not stated,not stated,unknown,insufficient_detail,missing_context,unknown,none,Technical cause cannot be established from the account.
161,,Support-forum-style (),,"Google Photos mein chair ke neeche puppy wali photo chahiye thi. Kaam yeh tha: show how small our dog was. striped cushion clear yaad hai, date nahi. ""dog"" se bahut saare results aa gaye. Ek-ek khol ke dekha, exact wali nahi mili toh band kar diya.",pets,the photo of our puppy under a chair,show how small our dog was,striped cushion,capture date,partial,dog,broad subject search > inspect large result set > stop,Many plausible matches; target not located before stopping.,Opened individual matches,abandoned,unknown,core_incomplete_memory,too_many_matches,cue_discriminability,inspection_burden,Technical cause cannot be established from the account.
162,,App-review-style (),,"Ek help chahiye, family performance wali video chahiye thi. Kaam yeh tha: share a clip with relatives. blue stage curtain clear yaad hai, date nahi. ""performance"" se bahut saare results aa gaye. Ek-ek khol ke dekha, exact wali nahi mili toh band kar diya.",video,the family performance video,share a clip with relatives,blue stage curtain,capture date,partial,performance,broad subject search > inspect large result set > stop,Many plausible matches; target not located before stopping.,Opened individual matches,abandoned,unknown,core_incomplete_memory,too_many_matches,cue_discriminability,inspection_burden,Technical cause cannot be established from the account.
163,,Reddit-style (),,"Quick question about finding the recipe screenshot. I needed it to cook the same meal again. A friend had sent it to me; I remembered green ingredient heading, not when. Searching ""recipe"" in Photos failed. I went back to our chat and found it there. I don't know whether I'd ever saved a copy to Photos.",screenshot,the recipe screenshot,cook the same meal again,green ingredient heading; received from a friend,received date,partial,recipe,Photos search > revisit messaging conversation > retrieve original,Target located in a messaging conversation; Photos availability unconfirmed.,Searched original conversation,found_elsewhere,external_app_found_photos_unknown,adjacent_cross_app,received_copy,cross_app_origin,none,Technical cause cannot be established from the account.
164,,YouTube-comment-style (),,"Abhi ghar ki bread wali photo chahiye thi. Kaam yeh tha: compare my baking attempts. flower-shaped loaf clear yaad hai, date nahi. ""bread"" se bahut saare results aa gaye. Ek-ek khol ke dekha, exact wali nahi mili toh band kar diya. 😩",food,the homemade bread photo,compare my baking attempts,flower-shaped loaf,capture date,partial,bread,broad subject search > inspect large result set > stop,Many plausible matches; target not located before stopping.,Opened individual matches,abandoned,unknown,core_incomplete_memory,too_many_matches,cue_discriminability,inspection_burden,Technical cause cannot be established from the account.
165,,YouTube-comment-style (),,"Abhi project sketch ki photo chahiye thi. Kaam yeh tha: explain an earlier design idea. Kal hi dekhi thi, originally kab li thi yaad nahi. Recently added mein check kiya par wahan nahi mili. Purani date guess karne ke bajaye kal kya khola tha woh mil jaata toh easy hota. 🤔",work,the project sketch photo,explain an earlier design idea,viewed or edited target yesterday,original capture date,partial,not stated,look for recent activity > check recently added > unresolved,Recent interaction did not supply a usable route to an older image.,Checked recently added,unresolved,present_user_report,core_incomplete_memory,recent_interaction,activity_vs_capture_time,temporal_narrowing,Technical cause cannot be established from the account.
166,,App-review-style (),,"Has anyone struggled to find the photo of the cat on a suitcase. I needed it to send a funny memory to a friend. A friend had sent it to me; I remembered red suitcase, not when. Searching ""cat"" in Photos failed. I went back to our chat and found it there. I don't know whether I'd ever saved a copy to Photos.",pets,the photo of the cat on a suitcase,send a funny memory to a friend,red suitcase; received from a friend,received date,partial,cat,Photos search > revisit messaging conversation > retrieve original,Target located in a messaging conversation; Photos availability unconfirmed.,Searched original conversation,found_elsewhere,external_app_found_photos_unknown,adjacent_cross_app,received_copy,cross_app_origin,none,Technical cause cannot be established from the account.
167,,Social-post-style (),,"Bas ek cheez dhoondhni thi, product comparison ka screenshot chahiye thi. Kaam yeh tha: resume a purchase comparison. Kal hi dekhi thi, originally kab li thi yaad nahi. Recently added mein check kiya par wahan nahi mili. Purani date guess karne ke bajaye kal kya khola tha woh mil jaata toh easy hota.",screenshot,the product comparison screenshot,resume a purchase comparison,viewed or edited target yesterday,original capture date,partial,not stated,look for recent activity > check recently added > unresolved,Recent interaction did not supply a usable route to an older image.,Checked recently added,unresolved,present_user_report,core_incomplete_memory,recent_interaction,activity_vs_capture_time,temporal_narrowing,Technical cause cannot be established from the account.
168,,YouTube-comment-style (),,"Having trouble locating the festival sweet-box photo. I needed it to reorder a similar gift. I mostly remember why I saved it, not what it looked like or when. I typed ""the sweets that mattered to me"" and got unrelated things. I never added a description explaining why it mattered. 🤔",food,the festival sweet-box photo,reorder a similar gift,personal significance; original purpose,visible details; capture date,low,the sweets that mattered to me,personal-context query > inspect unrelated results,Personal significance query returned unrelated candidates.,not stated,unresolved,unknown,core_incomplete_memory,personal_meaning,cue_grounding_hypothesis,clue_expression,Technical cause cannot be established from the account.
169,,Support-forum-style (),,"I wanted to pull up the visiting-card photo. I needed it to recover a professional contact. I mostly remember why I saved it, not what it looked like or when. I typed ""the business card that mattered to me"" and got unrelated things. I never added a description explaining why it mattered. 😕",work,the visiting-card photo,recover a professional contact,personal significance; original purpose,visible details; capture date,low,the business card that mattered to me,personal-context query > inspect unrelated results,Personal significance query returned unrelated candidates.,not stated,unresolved,unknown,core_incomplete_memory,personal_meaning,cue_grounding_hypothesis,clue_expression,Technical cause cannot be established from the account.
170,,App-review-style (),,"Ek help chahiye, aquarium wali photo chahiye thi. Kaam yeh tha: compare an old tank setup. Date vague thi par orange fish yaad tha. Main account mein ""fish"" baar-baar search kiya. Purane account pe switch kiya toh same search se mil gayi. Library hi galat thi.",pets,the aquarium photo,compare an old tank setup,orange fish,capture date; account containing target,partial,fish,search first account > switch account > same search > locate target,Target found in another account.,Switched Google account,found_exact,different_account,adjacent_availability,wrong_account,account_scope,none,Technical cause cannot be established from the account.
171,,Reddit-style (),,"Quick question about finding the Manali homestay balcony photo. I needed it to show my family the view. The date is gone from my memory, but red railing is not. I tried ""woh balcony wali"" and then ""red railing"". The results changed, but neither attempt found the exact image. Not sure whether language is the issue.",travel,the Manali homestay balcony photo,show my family the view,red railing,capture date,partial,woh balcony wali > red railing,Hinglish phrase > English visual phrase > inspect results,Different wording returned different candidates; exact target still missing.,Switched query wording and language,unresolved,unknown,core_incomplete_memory,language_mismatch,language_expression,query_reformulation,Technical cause cannot be established from the account.
172,,Social-post-style (),,"Spent part of my evening looking for the song recommendation screenshot. I needed it to remember a recommended song. The date is gone from my memory, but red album cover is not. I tried ""woh music wali"" and then ""red album cover"". The results changed, but neither attempt found the exact image. Not sure whether language is the issue.",screenshot,the song recommendation screenshot,remember a recommended song,red album cover,capture date,partial,woh music wali > red album cover,Hinglish phrase > English visual phrase > inspect results,Different wording returned different candidates; exact target still missing.,Switched query wording and language,unresolved,unknown,core_incomplete_memory,language_mismatch,language_expression,query_reformulation,Technical cause cannot be established from the account.
173,,YouTube-comment-style (),,"Abhi dadi ki haste hue wali photo chahiye thi. Kaam yeh tha: make a family slideshow. purple shawl yaad hai, month aur year bilkul nahi. ""grandma"" search karke bhi woh nahi dikhi. Timeline mein kaafi scroll kiya, phir chhod diya. 😩",family,the picture of grandma laughing,make a family slideshow,purple shawl,capture date,partial,grandma,subject search > timeline scrolling > stop,Subject results did not make the target easy to locate; no usable date anchor.,Scrolled timeline without a date anchor,abandoned,unknown,core_incomplete_memory,date_forgotten,temporal_narrowing,none,Technical cause cannot be established from the account.
174,,Support-forum-style (),,"Purani gallery mein wall paint sample ki photo chahiye thi. Kaam yeh tha: choose the same paint shade. pale green patch yaad hai, month aur year bilkul nahi. ""wall"" search karke bhi woh nahi dikhi. Timeline mein kaafi scroll kiya, phir chhod diya. 🥲",home,the wall paint-sample photo,choose the same paint shade,pale green patch,capture date,partial,wall,subject search > timeline scrolling > stop,Subject results did not make the target easy to locate; no usable date anchor.,Scrolled timeline without a date anchor,abandoned,unknown,core_incomplete_memory,date_forgotten,temporal_narrowing,none,Technical cause cannot be established from the account.
175,,App-review-style (),,"Has anyone struggled to find the handwritten prescription photo. I needed it to share the document with a clinician. I remember green clinic stamp, but not the date. ""prescription"" didn't find it and I checked the bin too. Maybe I deleted it, maybe it never backed up—I honestly don't know where it is now.",health_document,the handwritten prescription photo,share the document with a clinician,green clinic stamp,capture date; current storage location,partial,prescription,subject search > trash check > unresolved,Target absent from inspected results and trash; existence in library unconfirmed.,Checked trash,unresolved,unknown,adjacent_availability,availability_uncertain,availability_unknown,temporal_uncertainty,Technical cause cannot be established from the account.
176,,Reddit-style (),,"Aaj zaroorat padi toh baarish wale railway platform ki photo chahiye thi. Kaam yeh tha: remember a journey with my brother. Date bhi nahi yaad aur kya type karun woh bhi samajh nahi aa raha tha. ""station"" bahut broad tha. Phir ""green bench"" try kiya aur mil gayi. Chhota detail kaam aa gaya.",travel,the rainy railway platform photo,remember a journey with my brother,green bench,capture date; precise search wording,partial,station > green bench,broad query > visual-detail query > recognise target,Rewording using a visible detail helped locate the target.,Replaced broad term with visible detail,found_exact,present_user_report,core_incomplete_memory,query_reformulation,clue_expression,iterative_reformulation,Technical cause cannot be established from the account.
177,,Social-post-style (),,"Bas ek cheez dhoondhni thi, save kiya meme chahiye thi. Kaam yeh tha: send the joke during a conversation. Date bhi nahi yaad aur kya type karun woh bhi samajh nahi aa raha tha. ""meme"" bahut broad tha. Phir ""yellow cartoon character"" try kiya aur mil gayi. Chhota detail kaam aa gaya.",screenshot,the saved meme,send the joke during a conversation,yellow cartoon character,capture date; precise search wording,partial,meme > yellow cartoon character,broad query > visual-detail query > recognise target,Rewording using a visible detail helped locate the target.,Replaced broad term with visible detail,found_exact,present_user_report,core_incomplete_memory,query_reformulation,clue_expression,iterative_reformulation,Technical cause cannot be established from the account.
178,,YouTube-comment-style (),,"Having trouble locating the school farewell group photo. I needed it to share it in our reunion group. I know I once saved it, but the appearance, date and place are all blank. I opened Photos and couldn't even decide what to type. Closed it again without searching. 🤔",family,the school farewell group photo,share it in our reunion group,existence and broad purpose only,visual details; date; location,low,no query formulated,open Photos > fail to form query > stop,Unable to supply identifying details or begin a targeted search.,none attempted,abandoned,unknown,core_incomplete_memory,almost_no_clues,cue_availability,none,Technical cause cannot be established from the account.
179,,Support-forum-style (),,"I wanted to pull up the electricity-meter photo. I needed it to check an older meter reading. I know I once saved it, but the appearance, date and place are all blank. I opened Photos and couldn't even decide what to type. Closed it again without searching. 😕",home,the electricity-meter photo,check an older meter reading,existence and broad purpose only,visual details; date; location,low,no query formulated,open Photos > fail to form query > stop,Unable to supply identifying details or begin a targeted search.,none attempted,abandoned,unknown,core_incomplete_memory,almost_no_clues,cue_availability,none,Technical cause cannot be established from the account.
180,,App-review-style (),,"Ek help chahiye, physiotherapy exercise wali photo chahiye thi. Kaam yeh tha: show which exercise sheet I was given. Image clearly yaad hai, yellow resistance band bhi. Exactly ""yellow resistance band"" search kiya, match nahi aaya. Kyun nahi aaya pata nahi; file abhi isi account mein hai ya nahi woh bhi check nahi kiya.",health_document,the physiotherapy exercise photo,show which exercise sheet I was given,yellow resistance band; exact target appearance,not stated,high,yellow resistance band,precise visual query > no matching results,A clear visual query returned no match; technical cause unverified.,not stated,unresolved,unknown,adjacent_clear_memory,no_results_with_clear_cue,search_quality_hypothesis,unknown_indexing_state,Technical cause cannot be established from the account.
181,,Reddit-style (),,"Quick question about finding the beach shack menu photo. I needed it to check what we ordered. I couldn't remember its date, but I remembered another photo from the same day. I searched for that other image, checked its date, then browsed that day. That's how I found the one I actually wanted.",travel,the beach shack menu photo,check what we ordered,another photo captured on the same day,target capture date,partial,subject of a different photo from the same day,search related photo > inspect its date > browse that date,Related image supplied a date anchor for retrieval.,Used another image to locate the day,found_exact,present_user_report,core_incomplete_memory,anchor_photo,relational_navigation,none,Technical cause cannot be established from the account.
182,,Social-post-style (),,"Spent part of my evening looking for the whiteboard diagram photo. I needed it to revise a class explanation. I couldn't remember its date, but I remembered another photo from the same day. I searched for that other image, checked its date, then browsed that day. That's how I found the one I actually wanted.",study,the whiteboard diagram photo,revise a class explanation,another photo captured on the same day,target capture date,partial,subject of a different photo from the same day,search related photo > inspect its date > browse that date,Related image supplied a date anchor for retrieval.,Used another image to locate the day,found_exact,present_user_report,core_incomplete_memory,anchor_photo,relational_navigation,none,Technical cause cannot be established from the account.
183,,YouTube-comment-style (),,"Abhi sibling ki graduation wali photo chahiye thi. Kaam yeh tha: print a family keepsake. Date yaad nahi thi toh bas scroll kar raha tha. Kisi ne bola jo dikh raha tha woh search karo. ""red sash"" dala aur mil gayi. Pata hi nahi tha yeh detail bhi search mein use kar sakte hain. 😅",family,the sibling's graduation photo,print a family keepsake,red sash,capture date,partial,red sash,manual scrolling > learn content search > visual query > recognise,Learning an existing retrieval route enabled success in this fictional case.,Tried subject/detail search after a suggestion,found_exact,present_user_report,core_incomplete_memory,feature_discovery,discoverability,clue_expression,Technical cause cannot be established from the account.
184,,Support-forum-style (),,"Purani gallery mein shoe store wali photo chahiye thi. Kaam yeh tha: find the pair I liked. Date yaad nahi thi toh bas scroll kar raha tha. Kisi ne bola jo dikh raha tha woh search karo. ""orange shoelaces"" dala aur mil gayi. Pata hi nahi tha yeh detail bhi search mein use kar sakte hain. ✨",shopping,the shoe-store photo,find the pair I liked,orange shoelaces,capture date,partial,orange shoelaces,manual scrolling > learn content search > visual query > recognise,Learning an existing retrieval route enabled success in this fictional case.,Tried subject/detail search after a suggestion,found_exact,present_user_report,core_incomplete_memory,feature_discovery,discoverability,clue_expression,Technical cause cannot be established from the account.
185,,App-review-style (),,"Has anyone struggled to find the parking receipt photo. I needed it to resolve an expense claim. I remembered orange ticket and roughly the season, not the date. ""ticket"" didn't get me there. I eventually found it by scrolling around that season and recognising it.",receipt,the parking receipt photo,resolve an expense claim,orange ticket; approximate season,exact date,partial,ticket,subject query > approximate-season scrolling > recognise target,Manual timeline browsing succeeded after an unhelpful search.,Scrolled approximate season,found_exact,present_user_report,core_incomplete_memory,manual_scroll_success,successful_workaround,none,Technical cause cannot be established from the account.
186,,Social-post-style (),,"Bas ek cheez dhoondhni thi, lake ke paas camp ki photo chahiye thi. Kaam yeh tha: share a memory with my cousins. Date yaad nahi thi toh bas scroll kar raha tha. Kisi ne bola jo dikh raha tha woh search karo. ""striped tent"" dala aur mil gayi. Pata hi nahi tha yeh detail bhi search mein use kar sakte hain.",travel,the lakeside campsite photo,share a memory with my cousins,striped tent,capture date,partial,striped tent,manual scrolling > learn content search > visual query > recognise,Learning an existing retrieval route enabled success in this fictional case.,Tried subject/detail search after a suggestion,found_exact,present_user_report,core_incomplete_memory,feature_discovery,discoverability,clue_expression,Technical cause cannot be established from the account.
187,,Social-post-style (),,"Bas ek cheez dhoondhni thi, assignment instructions ki photo chahiye thi. Kaam yeh tha: confirm the submission requirement. yellow highlighted line yaad tha aur lag raha tha 2023 ki hogi. ""assignment 2023"" se nahi mili. Year hata diya toh mil gayi, actually 2022 ki thi. Date main hi galat yaad kar raha tha.",study,the assignment instruction photo,confirm the submission requirement,yellow highlighted line; tentative year 2023,exact date,uncertain,assignment 2023 > assignment,restrict to assumed year > remove year > locate target,Target appeared after removing incorrect year.,Removed year from query,found_exact,present_user_report,core_incomplete_memory,uncertain_date,incorrect_constraint,none,Technical cause cannot be established from the account.
188,,Support-forum-style (),,"I wanted to pull up the childhood picnic scan. I needed it to show an old memory to my sister. I remembered checkered blanket and roughly the season, not the date. ""picnic"" didn't get me there. I eventually found it by scrolling around that season and recognising it. ✨",family,the childhood picnic scan,show an old memory to my sister,checkered blanket; approximate season,exact date,partial,picnic,subject query > approximate-season scrolling > recognise target,Manual timeline browsing succeeded after an unhelpful search.,Scrolled approximate season,found_exact,present_user_report,core_incomplete_memory,manual_scroll_success,successful_workaround,none,Technical cause cannot be established from the account.
189,,Support-forum-style (),,"I wanted to pull up the crochet project photo. I needed it to recreate an earlier pattern. I remembered purple yarn, but not the date or the exact distinguishing detail. ""crochet"" showed something close enough for now, so I used that instead. It wasn't the image I had in mind. 😕",hobby,the crochet project photo,recreate an earlier pattern,purple yarn,date; exact distinguishing detail,partial,crochet,subject search > inspect related images > use substitute,A related image was used; exact target not retrieved.,Used another relevant image,substitute_used,unknown,core_incomplete_memory,substitute_only,target_specificity,candidate_recognition,Technical cause cannot be established from the account.
190,,Reddit-style (),,"Yaar, mujhe courier slip ki photo chahiye thi. Kaam yeh tha: look up an old shipment. green sticker yaad tha aur lag raha tha 2023 ki hogi. ""courier 2023"" se nahi mili. Year hata diya toh mil gayi, actually 2022 ki thi. Date main hi galat yaad kar raha tha.",receipt,the courier receipt photo,look up an old shipment,green sticker; tentative year 2023,exact date,uncertain,courier 2023 > courier,restrict to assumed year > remove year > locate target,Target appeared after removing incorrect year.,Removed year from query,found_exact,present_user_report,core_incomplete_memory,uncertain_date,incorrect_constraint,none,Technical cause cannot be established from the account.
191,,Social-post-style (),,"Spent part of my evening looking for the birthday dessert photo. I needed it to show a baker the decoration. I remembered green icing, but not the date or the exact distinguishing detail. ""cake"" showed something close enough for now, so I used that instead. It wasn't the image I had in mind.",food,the birthday dessert photo,show a baker the decoration,green icing,date; exact distinguishing detail,partial,cake,subject search > inspect related images > use substitute,A related image was used; exact target not retrieved.,Used another relevant image,substitute_used,unknown,core_incomplete_memory,substitute_only,target_specificity,candidate_recognition,Technical cause cannot be established from the account.
192,,YouTube-comment-style (),,"I needed the lab setup photo. I needed it to finish a lab report. I remembered blue circuit board, but not the date or the exact distinguishing detail. ""lab"" showed something close enough for now, so I used that instead. It wasn't the image I had in mind.",study,the lab setup photo,finish a lab report,blue circuit board,date; exact distinguishing detail,partial,lab,subject search > inspect related images > use substitute,A related image was used; exact target not retrieved.,Used another relevant image,substitute_used,unknown,core_incomplete_memory,substitute_only,target_specificity,candidate_recognition,Technical cause cannot be established from the account.
193,,Support-forum-style (),,"Purani gallery mein baby ke first shoes ki photo chahiye thi. Kaam yeh tha: complete a baby album. Kaunse year ki hai bilkul nahi yaad tha, bas tiny orange shoes. ""shoes tiny orange shoes"" search kiya aur turant pehchaan li. Is baar poori library scroll nahi karni padi. 🙌",family,the baby's first-shoes photo,complete a baby album,tiny orange shoes,capture date,partial,shoes tiny orange shoes,combine subject and visual clue > recognise target,Partial visual memory was sufficient for successful retrieval.,not needed,found_exact,present_user_report,core_incomplete_memory,query_success,successful_retrieval,none,Technical cause cannot be established from the account.
194,,App-review-style (),,"Pata nahi kaise milegi, garden flower ki photo chahiye thi. Kaam yeh tha: compare this season's flowers. Kaunse year ki hai bilkul nahi yaad tha, bas red petals. ""flower red petals"" search kiya aur turant pehchaan li. Is baar poori library scroll nahi karni padi. 😅",hobby,the garden flower photo,compare this season's flowers,red petals,capture date,partial,flower red petals,combine subject and visual clue > recognise target,Partial visual memory was sufficient for successful retrieval.,not needed,found_exact,present_user_report,core_incomplete_memory,query_success,successful_retrieval,none,Technical cause cannot be established from the account.
195,,Reddit-style (),,"I was looking for the train booking screenshot. I needed it to check a previous travel booking. I got down to a handful with blue booking panel, but they look almost identical. I can't remember the date or the tiny detail that made the original different. Zooming hasn't helped me decide which is right.",screenshot,the train booking screenshot,check a previous travel booking,blue booking panel,capture date,partial,train,subject search > small plausible set > zoom candidates,Several similar candidates; cannot confirm exact target.,Zoomed individual candidates,unconfirmed_match,unknown,core_incomplete_memory,near_duplicates,candidate_recognition,near_duplicate_ambiguity,Technical cause cannot be established from the account.
196,,Social-post-style (),,"Bas ek cheez dhoondhni thi, ghar ki bread wali photo chahiye thi. Kaam yeh tha: compare my baking attempts. Start mein bas subject yaad tha, date nahi. ""bread"" ke results dekhte-dekhte flower-shaped loaf yaad aa gaya. Phir woh detail search ki aur mil gayi. Shuru mein yeh clue yaad hi nahi aa raha tha.",food,the homemade bread photo,compare my baking attempts,general subject initially; visual detail recalled during browsing,capture date,partial,bread > flower-shaped loaf,broad search > view candidates > recall detail > refine > find,Browsing prompted recall of an additional useful detail.,Refined using newly recalled detail,found_exact,present_user_report,core_incomplete_memory,clue_emerges,progressive_recall,iterative_reformulation,Technical cause cannot be established from the account.
197,,YouTube-comment-style (),,"Kal se office notice ki photo chahiye thi. Kaam yeh tha: check an old announcement. Start mein bas subject yaad tha, date nahi. ""notice"" ke results dekhte-dekhte red border yaad aa gaya. Phir woh detail search ki aur mil gayi. Shuru mein yeh clue yaad hi nahi aa raha tha.",work,the office notice photo,check an old announcement,general subject initially; visual detail recalled during browsing,capture date,partial,notice > red border,broad search > view candidates > recall detail > refine > find,Browsing prompted recall of an additional useful detail.,Refined using newly recalled detail,found_exact,present_user_report,core_incomplete_memory,clue_emerges,progressive_recall,iterative_reformulation,Technical cause cannot be established from the account.
198,,Support-forum-style (),,I wanted to pull up the photo of the cat on a suitcase. I needed it to send a funny memory to a friend. Search just isn't helping me find it. Is anyone else having trouble with this? 🥲,pets,the photo of the cat on a suitcase,send a funny memory to a friend,not stated,not stated,not stated,not stated,search attempted; details not stated,Search difficulty reported without enough incident detail.,not stated,not stated,unknown,insufficient_detail,missing_context,unknown,none,Technical cause cannot be established from the account.
199,,Reddit-style (),,"Yaar, mujhe product comparison ka screenshot chahiye thi. Kaam yeh tha: resume a purchase comparison. orange price label clear yaad hai, date nahi. ""product"" se bahut saare results aa gaye. Ek-ek khol ke dekha, exact wali nahi mili toh band kar diya.",screenshot,the product comparison screenshot,resume a purchase comparison,orange price label,capture date,partial,product,broad subject search > inspect large result set > stop,Many plausible matches; target not located before stopping.,Opened individual matches,abandoned,unknown,core_incomplete_memory,too_many_matches,cue_discriminability,inspection_burden,Technical cause cannot be established from the account.
200,,Social-post-style (),,"Spent part of my evening looking for the festival sweet-box photo. I needed it to reorder a similar gift. A friend had sent it to me; I remembered gold ribbon, not when. Searching ""sweets"" in Photos failed. I went back to our chat and found it there. I don't know whether I'd ever saved a copy to Photos.",food,the festival sweet-box photo,reorder a similar gift,gold ribbon; received from a friend,received date,partial,sweets,Photos search > revisit messaging conversation > retrieve original,Target located in a messaging conversation; Photos availability unconfirmed.,Searched original conversation,found_elsewhere,external_app_found_photos_unknown,adjacent_cross_app,received_copy,cross_app_origin,none,Technical cause cannot be established from the account.
201,,YouTube-comment-style (),,"I needed the visiting-card photo. I needed it to recover a professional contact. A friend had sent it to me; I remembered blue logo, not when. Searching ""business card"" in Photos failed. I went back to our chat and found it there. I don't know whether I'd ever saved a copy to Photos.",work,the visiting-card photo,recover a professional contact,blue logo; received from a friend,received date,partial,business card,Photos search > revisit messaging conversation > retrieve original,Target located in a messaging conversation; Photos availability unconfirmed.,Searched original conversation,found_elsewhere,external_app_found_photos_unknown,adjacent_cross_app,received_copy,cross_app_origin,none,Technical cause cannot be established from the account.
202,,Support-forum-style (),,"Purani gallery mein aquarium wali photo chahiye thi. Kaam yeh tha: compare an old tank setup. Kal hi dekhi thi, originally kab li thi yaad nahi. Recently added mein check kiya par wahan nahi mili. Purani date guess karne ke bajaye kal kya khola tha woh mil jaata toh easy hota. 😕",pets,the aquarium photo,compare an old tank setup,viewed or edited target yesterday,original capture date,partial,not stated,look for recent activity > check recently added > unresolved,Recent interaction did not supply a usable route to an older image.,Checked recently added,unresolved,present_user_report,core_incomplete_memory,recent_interaction,activity_vs_capture_time,temporal_narrowing,Technical cause cannot be established from the account.
203,,App-review-style (),,"Has anyone struggled to find the Manali homestay balcony photo. I needed it to show my family the view. I mostly remember why I saved it, not what it looked like or when. I typed ""the balcony that mattered to me"" and got unrelated things. I never added a description explaining why it mattered.",travel,the Manali homestay balcony photo,show my family the view,personal significance; original purpose,visible details; capture date,low,the balcony that mattered to me,personal-context query > inspect unrelated results,Personal significance query returned unrelated candidates.,not stated,unresolved,unknown,core_incomplete_memory,personal_meaning,cue_grounding_hypothesis,clue_expression,Technical cause cannot be established from the account.
204,,Reddit-style (),,"I was looking for the song recommendation screenshot. I needed it to remember a recommended song. I mostly remember why I saved it, not what it looked like or when. I typed ""the music that mattered to me"" and got unrelated things. I never added a description explaining why it mattered.",screenshot,the song recommendation screenshot,remember a recommended song,personal significance; original purpose,visible details; capture date,low,the music that mattered to me,personal-context query > inspect unrelated results,Personal significance query returned unrelated candidates.,not stated,unresolved,unknown,core_incomplete_memory,personal_meaning,cue_grounding_hypothesis,clue_expression,Technical cause cannot be established from the account.
205,,Social-post-style (),,"Bas ek cheez dhoondhni thi, dadi ki haste hue wali photo chahiye thi. Kaam yeh tha: make a family slideshow. Date vague thi par purple shawl yaad tha. Main account mein ""grandma"" baar-baar search kiya. Purane account pe switch kiya toh same search se mil gayi. Library hi galat thi.",family,the picture of grandma laughing,make a family slideshow,purple shawl,capture date; account containing target,partial,grandma,search first account > switch account > same search > locate target,Target found in another account.,Switched Google account,found_exact,different_account,adjacent_availability,wrong_account,account_scope,none,Technical cause cannot be established from the account.
206,,YouTube-comment-style (),,"Kal se wall paint sample ki photo chahiye thi. Kaam yeh tha: choose the same paint shade. Date vague thi par pale green patch yaad tha. Main account mein ""wall"" baar-baar search kiya. Purane account pe switch kiya toh same search se mil gayi. Library hi galat thi.",home,the wall paint-sample photo,choose the same paint shade,pale green patch,capture date; account containing target,partial,wall,search first account > switch account > same search > locate target,Target found in another account.,Switched Google account,found_exact,different_account,adjacent_availability,wrong_account,account_scope,none,Technical cause cannot be established from the account.
207,,Support-forum-style (),,"I wanted to pull up the handwritten prescription photo. I needed it to share the document with a clinician. The date is gone from my memory, but green clinic stamp is not. I tried ""woh prescription wali"" and then ""green clinic stamp"". The results changed, but neither attempt found the exact image. Not sure whether language is the issue. 🥲",health_document,the handwritten prescription photo,share the document with a clinician,green clinic stamp,capture date,partial,woh prescription wali > green clinic stamp,Hinglish phrase > English visual phrase > inspect results,Different wording returned different candidates; exact target still missing.,Switched query wording and language,unresolved,unknown,core_incomplete_memory,language_mismatch,language_expression,query_reformulation,Technical cause cannot be established from the account.
208,,Reddit-style (),,"Yaar, mujhe Jaipur courtyard wali photo chahiye thi. Kaam yeh tha: plan a return visit. Date vague thi par blue doorway yaad tha. Main account mein ""courtyard"" baar-baar search kiya. Purane account pe switch kiya toh same search se mil gayi. Library hi galat thi.",travel,the Jaipur courtyard photo,plan a return visit,blue doorway,capture date; account containing target,partial,courtyard,search first account > switch account > same search > locate target,Target found in another account.,Switched Google account,found_exact,different_account,adjacent_availability,wrong_account,account_scope,none,Technical cause cannot be established from the account.
209,,Reddit-style (),,"Yaar, mujhe save kiya meme chahiye thi. Kaam yeh tha: send the joke during a conversation. yellow cartoon character yaad hai, month aur year bilkul nahi. ""meme"" search karke bhi woh nahi dikhi. Timeline mein kaafi scroll kiya, phir chhod diya.",screenshot,the saved meme,send the joke during a conversation,yellow cartoon character,capture date,partial,meme,subject search > timeline scrolling > stop,Subject results did not make the target easy to locate; no usable date anchor.,Scrolled timeline without a date anchor,abandoned,unknown,core_incomplete_memory,date_forgotten,temporal_narrowing,none,Technical cause cannot be established from the account.
210,,YouTube-comment-style (),,"I needed the cousin's engagement photo. I needed it to send a memory to my cousin. The date is gone from my memory, but orange backdrop is not. I tried ""woh engagement wali"" and then ""orange backdrop"". The results changed, but neither attempt found the exact image. Not sure whether language is the issue.",family,the cousin's engagement photo,send a memory to my cousin,orange backdrop,capture date,partial,woh engagement wali > orange backdrop,Hinglish phrase > English visual phrase > inspect results,Different wording returned different candidates; exact target still missing.,Switched query wording and language,unresolved,unknown,core_incomplete_memory,language_mismatch,language_expression,query_reformulation,Technical cause cannot be established from the account.
211,,YouTube-comment-style (),,"I needed the electricity-meter photo. I needed it to check an older meter reading. I remember red display light, but not the date. ""meter"" didn't find it and I checked the bin too. Maybe I deleted it, maybe it never backed up—I honestly don't know where it is now.",home,the electricity-meter photo,check an older meter reading,red display light,capture date; current storage location,partial,meter,subject search > trash check > unresolved,Target absent from inspected results and trash; existence in library unconfirmed.,Checked trash,unresolved,unknown,adjacent_availability,availability_uncertain,availability_unknown,temporal_uncertainty,Technical cause cannot be established from the account.
212,,App-review-style (),,"Pata nahi kaise milegi, purani test report ki photo chahiye thi. Kaam yeh tha: locate a previous medical document. blue laboratory header yaad hai, month aur year bilkul nahi. ""report"" search karke bhi woh nahi dikhi. Timeline mein kaafi scroll kiya, phir chhod diya. 🤔",health_document,the old test-report photo,locate a previous medical document,blue laboratory header,capture date,partial,report,subject search > timeline scrolling > stop,Subject results did not make the target easy to locate; no usable date anchor.,Scrolled timeline without a date anchor,abandoned,unknown,core_incomplete_memory,date_forgotten,temporal_narrowing,none,Technical cause cannot be established from the account.
213,,Reddit-style (),,"I was looking for the mountain tea stall photo. I needed it to tell a friend where we stopped. I remember orange tarpaulin, but not the date. ""tea stall"" didn't find it and I checked the bin too. Maybe I deleted it, maybe it never backed up—I honestly don't know where it is now.",travel,the mountain tea stall photo,tell a friend where we stopped,orange tarpaulin,capture date; current storage location,partial,tea stall,subject search > trash check > unresolved,Target absent from inspected results and trash; existence in library unconfirmed.,Checked trash,unresolved,unknown,adjacent_availability,availability_uncertain,availability_unknown,temporal_uncertainty,Technical cause cannot be established from the account.
214,,Social-post-style (),,"I opened Google Photos to find the address screenshot. I needed it to revisit a shop. I remember green map pin, but not the date. ""address"" didn't find it and I checked the bin too. Maybe I deleted it, maybe it never backed up—I honestly don't know where it is now.",screenshot,the address screenshot,revisit a shop,green map pin,capture date; current storage location,partial,address,subject search > trash check > unresolved,Target absent from inspected results and trash; existence in library unconfirmed.,Checked trash,unresolved,unknown,adjacent_availability,availability_uncertain,availability_unknown,temporal_uncertainty,Technical cause cannot be established from the account.
215,,YouTube-comment-style (),,"Kal se papa ki cycle theek karte hue photo chahiye thi. Kaam yeh tha: make a birthday collage. Date bhi nahi yaad aur kya type karun woh bhi samajh nahi aa raha tha. ""bicycle"" bahut broad tha. Phir ""yellow bicycle"" try kiya aur mil gayi. Chhota detail kaam aa gaya.",family,the picture of dad fixing a bicycle,make a birthday collage,yellow bicycle,capture date; precise search wording,partial,bicycle > yellow bicycle,broad query > visual-detail query > recognise target,Rewording using a visible detail helped locate the target.,Replaced broad term with visible detail,found_exact,present_user_report,core_incomplete_memory,query_reformulation,clue_expression,iterative_reformulation,Technical cause cannot be established from the account.
216,,Support-forum-style (),,"Google Photos mein kurte ki reference photo chahiye thi. Kaam yeh tha: show a tailor the design. Date bhi nahi yaad aur kya type karun woh bhi samajh nahi aa raha tha. ""kurta"" bahut broad tha. Phir ""blue floral pattern"" try kiya aur mil gayi. Chhota detail kaam aa gaya.",shopping,the kurta reference photo,show a tailor the design,blue floral pattern,capture date; precise search wording,partial,kurta > blue floral pattern,broad query > visual-detail query > recognise target,Rewording using a visible detail helped locate the target.,Replaced broad term with visible detail,found_exact,present_user_report,core_incomplete_memory,query_reformulation,clue_expression,iterative_reformulation,Technical cause cannot be established from the account.
217,,App-review-style (),,"I went back to look for the appliance receipt photo. I needed it to check a purchase for a service request. I know I once saved it, but the appearance, date and place are all blank. I opened Photos and couldn't even decide what to type. Closed it again without searching. 😩",receipt,the appliance receipt photo,check a purchase for a service request,existence and broad purpose only,visual details; date; location,low,no query formulated,open Photos > fail to form query > stop,Unable to supply identifying details or begin a targeted search.,none attempted,abandoned,unknown,core_incomplete_memory,almost_no_clues,cue_availability,none,Technical cause cannot be established from the account.
218,,Reddit-style (),,"Yaar, mujhe lake ke paas camp ki photo chahiye thi. Kaam yeh tha: share a memory with my cousins. Image clearly yaad hai, striped tent bhi. Exactly ""striped tent"" search kiya, match nahi aaya. Kyun nahi aaya pata nahi; file abhi isi account mein hai ya nahi woh bhi check nahi kiya.",travel,the lakeside campsite photo,share a memory with my cousins,striped tent; exact target appearance,not stated,high,striped tent,precise visual query > no matching results,A clear visual query returned no match; technical cause unverified.,not stated,unresolved,unknown,adjacent_clear_memory,no_results_with_clear_cue,search_quality_hypothesis,unknown_indexing_state,Technical cause cannot be established from the account.
219,,Social-post-style (),,"Kisi ko idea hai? Mujhe haath se likhe formula ki photo chahiye thi. Kaam yeh tha: check a calculation. Image clearly yaad hai, purple ink bhi. Exactly ""purple ink"" search kiya, match nahi aaya. Kyun nahi aaya pata nahi; file abhi isi account mein hai ya nahi woh bhi check nahi kiya.",study,the handwritten formula photo,check a calculation,purple ink; exact target appearance,not stated,high,purple ink,precise visual query > no matching results,A clear visual query returned no match; technical cause unverified.,not stated,unresolved,unknown,adjacent_clear_memory,no_results_with_clear_cue,search_quality_hypothesis,unknown_indexing_state,Technical cause cannot be established from the account.
220,,YouTube-comment-style (),,"I needed the childhood picnic scan. I needed it to show an old memory to my sister. I couldn't remember its date, but I remembered another photo from the same day. I searched for that other image, checked its date, then browsed that day. That's how I found the one I actually wanted.",family,the childhood picnic scan,show an old memory to my sister,another photo captured on the same day,target capture date,partial,subject of a different photo from the same day,search related photo > inspect its date > browse that date,Related image supplied a date anchor for retrieval.,Used another image to locate the day,found_exact,present_user_report,core_incomplete_memory,anchor_photo,relational_navigation,none,Technical cause cannot be established from the account.
221,,Support-forum-style (),,"Trying to recover the furniture reference photo. I needed it to compare furniture designs. I couldn't remember its date, but I remembered another photo from the same day. I searched for that other image, checked its date, then browsed that day. That's how I found the one I actually wanted.",shopping,the furniture reference photo,compare furniture designs,another photo captured on the same day,target capture date,partial,subject of a different photo from the same day,search related photo > inspect its date > browse that date,Related image supplied a date anchor for retrieval.,Used another image to locate the day,found_exact,present_user_report,core_incomplete_memory,anchor_photo,relational_navigation,none,Technical cause cannot be established from the account.
222,,App-review-style (),,"Pata nahi kaise milegi, courier slip ki photo chahiye thi. Kaam yeh tha: look up an old shipment. Date yaad nahi thi toh bas scroll kar raha tha. Kisi ne bola jo dikh raha tha woh search karo. ""green sticker"" dala aur mil gayi. Pata hi nahi tha yeh detail bhi search mein use kar sakte hain. 🙂",receipt,the courier receipt photo,look up an old shipment,green sticker,capture date,partial,green sticker,manual scrolling > learn content search > visual query > recognise,Learning an existing retrieval route enabled success in this fictional case.,Tried subject/detail search after a suggestion,found_exact,present_user_report,core_incomplete_memory,feature_discovery,discoverability,clue_expression,Technical cause cannot be established from the account.
223,,Reddit-style (),,"I was looking for the birthday dessert photo. I needed it to show a baker the decoration. I remembered green icing and roughly the season, not the date. ""cake"" didn't get me there. I eventually found it by scrolling around that season and recognising it.",food,the birthday dessert photo,show a baker the decoration,green icing; approximate season,exact date,partial,cake,subject query > approximate-season scrolling > recognise target,Manual timeline browsing succeeded after an unhelpful search.,Scrolled approximate season,found_exact,present_user_report,core_incomplete_memory,manual_scroll_success,successful_workaround,none,Technical cause cannot be established from the account.
224,,Social-post-style (),,"I opened Google Photos to find the lab setup photo. I needed it to finish a lab report. I remembered blue circuit board and roughly the season, not the date. ""lab"" didn't get me there. I eventually found it by scrolling around that season and recognising it.",study,the lab setup photo,finish a lab report,blue circuit board; approximate season,exact date,partial,lab,subject query > approximate-season scrolling > recognise target,Manual timeline browsing succeeded after an unhelpful search.,Scrolled approximate season,found_exact,present_user_report,core_incomplete_memory,manual_scroll_success,successful_workaround,none,Technical cause cannot be established from the account.
225,,YouTube-comment-style (),,"Kal se baby ke first shoes ki photo chahiye thi. Kaam yeh tha: complete a baby album. tiny orange shoes yaad tha aur lag raha tha 2023 ki hogi. ""shoes 2023"" se nahi mili. Year hata diya toh mil gayi, actually 2022 ki thi. Date main hi galat yaad kar raha tha.",family,the baby's first-shoes photo,complete a baby album,tiny orange shoes; tentative year 2023,exact date,uncertain,shoes 2023 > shoes,restrict to assumed year > remove year > locate target,Target appeared after removing incorrect year.,Removed year from query,found_exact,present_user_report,core_incomplete_memory,uncertain_date,incorrect_constraint,none,Technical cause cannot be established from the account.
226,,Support-forum-style (),,"Google Photos mein garden flower ki photo chahiye thi. Kaam yeh tha: compare this season's flowers. red petals yaad tha aur lag raha tha 2023 ki hogi. ""flower 2023"" se nahi mili. Year hata diya toh mil gayi, actually 2022 ki thi. Date main hi galat yaad kar raha tha.",hobby,the garden flower photo,compare this season's flowers,red petals; tentative year 2023,exact date,uncertain,flower 2023 > flower,restrict to assumed year > remove year > locate target,Target appeared after removing incorrect year.,Removed year from query,found_exact,present_user_report,core_incomplete_memory,uncertain_date,incorrect_constraint,none,Technical cause cannot be established from the account.
227,,App-review-style (),,"I went back to look for the train booking screenshot. I needed it to check a previous travel booking. I remembered blue booking panel, but not the date or the exact distinguishing detail. ""train"" showed something close enough for now, so I used that instead. It wasn't the image I had in mind. 😩",screenshot,the train booking screenshot,check a previous travel booking,blue booking panel,date; exact distinguishing detail,partial,train,subject search > inspect related images > use substitute,A related image was used; exact target not retrieved.,Used another relevant image,substitute_used,unknown,core_incomplete_memory,substitute_only,target_specificity,candidate_recognition,Technical cause cannot be established from the account.
228,,Reddit-style (),,"Yaar, mujhe ghar ki bread wali photo chahiye thi. Kaam yeh tha: compare my baking attempts. Kaunse year ki hai bilkul nahi yaad tha, bas flower-shaped loaf. ""bread flower-shaped loaf"" search kiya aur turant pehchaan li. Is baar poori library scroll nahi karni padi.",food,the homemade bread photo,compare my baking attempts,flower-shaped loaf,capture date,partial,bread flower-shaped loaf,combine subject and visual clue > recognise target,Partial visual memory was sufficient for successful retrieval.,not needed,found_exact,present_user_report,core_incomplete_memory,query_success,successful_retrieval,none,Technical cause cannot be established from the account.
229,,Social-post-style (),,"Kisi ko idea hai? Mujhe office notice ki photo chahiye thi. Kaam yeh tha: check an old announcement. Kaunse year ki hai bilkul nahi yaad tha, bas red border. ""notice red border"" search kiya aur turant pehchaan li. Is baar poori library scroll nahi karni padi.",work,the office notice photo,check an old announcement,red border,capture date,partial,notice red border,combine subject and visual clue > recognise target,Partial visual memory was sufficient for successful retrieval.,not needed,found_exact,present_user_report,core_incomplete_memory,query_success,successful_retrieval,none,Technical cause cannot be established from the account.
230,,YouTube-comment-style (),,"I needed the photo of the cat on a suitcase. I needed it to send a funny memory to a friend. I got down to a handful with red suitcase, but they look almost identical. I can't remember the date or the tiny detail that made the original different. Zooming hasn't helped me decide which is right.",pets,the photo of the cat on a suitcase,send a funny memory to a friend,red suitcase,capture date,partial,cat,subject search > small plausible set > zoom candidates,Several similar candidates; cannot confirm exact target.,Zoomed individual candidates,unconfirmed_match,unknown,core_incomplete_memory,near_duplicates,candidate_recognition,near_duplicate_ambiguity,Technical cause cannot be established from the account.
231,,App-review-style (),,"Pata nahi kaise milegi, product comparison ka screenshot chahiye thi. Kaam yeh tha: resume a purchase comparison. Start mein bas subject yaad tha, date nahi. ""product"" ke results dekhte-dekhte orange price label yaad aa gaya. Phir woh detail search ki aur mil gayi. Shuru mein yeh clue yaad hi nahi aa raha tha. 🙂",screenshot,the product comparison screenshot,resume a purchase comparison,general subject initially; visual detail recalled during browsing,capture date,partial,product > orange price label,broad search > view candidates > recall detail > refine > find,Browsing prompted recall of an additional useful detail.,Refined using newly recalled detail,found_exact,present_user_report,core_incomplete_memory,clue_emerges,progressive_recall,iterative_reformulation,Technical cause cannot be established from the account.
232,,Social-post-style (),,"I opened Google Photos to find the restaurant thali photo. I needed it to show my mother a meal idea. I got down to a handful with blue bowl, but they look almost identical. I can't remember the date or the tiny detail that made the original different. Zooming hasn't helped me decide which is right.",food,the restaurant thali photo,show my mother a meal idea,blue bowl,capture date,partial,thali,subject search > small plausible set > zoom candidates,Several similar candidates; cannot confirm exact target.,Zoomed individual candidates,unconfirmed_match,unknown,core_incomplete_memory,near_duplicates,candidate_recognition,near_duplicate_ambiguity,Technical cause cannot be established from the account.
233,,Social-post-style (),,I opened Google Photos to find the visiting-card photo. I needed it to recover a professional contact. Search just isn't helping me find it. Is anyone else having trouble with this?,work,the visiting-card photo,recover a professional contact,not stated,not stated,not stated,not stated,search attempted; details not stated,Search difficulty reported without enough incident detail.,not stated,not stated,unknown,insufficient_detail,missing_context,unknown,none,Technical cause cannot be established from the account.
234,,Support-forum-style (),,"Google Photos mein rescue kiye bird ki photo chahiye thi. Kaam yeh tha: update a rescue volunteer. Start mein bas subject yaad tha, date nahi. ""bird"" ke results dekhte-dekhte blue towel yaad aa gaya. Phir woh detail search ki aur mil gayi. Shuru mein yeh clue yaad hi nahi aa raha tha.",pets,the photo of the rescued bird,update a rescue volunteer,general subject initially; visual detail recalled during browsing,capture date,partial,bird > blue towel,broad search > view candidates > recall detail > refine > find,Browsing prompted recall of an additional useful detail.,Refined using newly recalled detail,found_exact,present_user_report,core_incomplete_memory,clue_emerges,progressive_recall,iterative_reformulation,Technical cause cannot be established from the account.
235,,App-review-style (),,I went back to look for the small Goa cafe photo. I needed it to recommend the place to a friend. Search just isn't helping me find it. Is anyone else having trouble with this? 🤔,travel,the small Goa cafe photo,recommend the place to a friend,not stated,not stated,not stated,not stated,search attempted; details not stated,Search difficulty reported without enough incident detail.,not stated,not stated,unknown,insufficient_detail,missing_context,unknown,none,Technical cause cannot be established from the account.
236,,Reddit-style (),,Quick question about finding the funny chat screenshot. I needed it to share an old joke. Search just isn't helping me find it. Is anyone else having trouble with this? 😕,screenshot,the funny chat screenshot,share an old joke,not stated,not stated,not stated,not stated,search attempted; details not stated,Search difficulty reported without enough incident detail.,not stated,not stated,unknown,insufficient_detail,missing_context,unknown,none,Technical cause cannot be established from the account.
237,,Social-post-style (),,"Kisi ko idea hai? Mujhe roadside breakfast wali photo chahiye thi. Kaam yeh tha: revisit a stop on our route. red plastic table clear yaad hai, date nahi. ""breakfast"" se bahut saare results aa gaye. Ek-ek khol ke dekha, exact wali nahi mili toh band kar diya.",food,the roadside breakfast photo,revisit a stop on our route,red plastic table,capture date,partial,breakfast,broad subject search > inspect large result set > stop,Many plausible matches; target not located before stopping.,Opened individual matches,abandoned,unknown,core_incomplete_memory,too_many_matches,cue_discriminability,inspection_burden,Technical cause cannot be established from the account.
238,,YouTube-comment-style (),,"Abhi rent wale room ki photo chahiye thi. Kaam yeh tha: compare rooms before moving. yellow wardrobe clear yaad hai, date nahi. ""room"" se bahut saare results aa gaye. Ek-ek khol ke dekha, exact wali nahi mili toh band kar diya.",home,the rented-room photo,compare rooms before moving,yellow wardrobe,capture date,partial,room,broad subject search > inspect large result set > stop,Many plausible matches; target not located before stopping.,Opened individual matches,abandoned,unknown,core_incomplete_memory,too_many_matches,cue_discriminability,inspection_burden,Technical cause cannot be established from the account.
239,,Support-forum-style (),,"Trying to recover the medicine-strip photo. I needed it to show the packaging at an appointment. A friend had sent it to me; I remembered silver foil with orange print, not when. Searching ""medicine"" in Photos failed. I went back to our chat and found it there. I don't know whether I'd ever saved a copy to Photos.",health_document,the medicine-strip photo,show the packaging at an appointment,silver foil with orange print; received from a friend,received date,partial,medicine,Photos search > revisit messaging conversation > retrieve original,Target located in a messaging conversation; Photos availability unconfirmed.,Searched original conversation,found_elsewhere,external_app_found_photos_unknown,adjacent_cross_app,received_copy,cross_app_origin,none,Technical cause cannot be established from the account.
240,,App-review-style (),,"Pata nahi kaise milegi, Jaipur courtyard wali photo chahiye thi. Kaam yeh tha: plan a return visit. Kal hi dekhi thi, originally kab li thi yaad nahi. Recently added mein check kiya par wahan nahi mili. Purani date guess karne ke bajaye kal kya khola tha woh mil jaata toh easy hota. 😩",travel,the Jaipur courtyard photo,plan a return visit,viewed or edited target yesterday,original capture date,partial,not stated,look for recent activity > check recently added > unresolved,Recent interaction did not supply a usable route to an older image.,Checked recently added,unresolved,present_user_report,core_incomplete_memory,recent_interaction,activity_vs_capture_time,temporal_narrowing,Technical cause cannot be established from the account.
241,,Reddit-style (),,"Aaj zaroorat padi toh internship listing ka screenshot chahiye thi. Kaam yeh tha: check an application detail. Kal hi dekhi thi, originally kab li thi yaad nahi. Recently added mein check kiya par wahan nahi mili. Purani date guess karne ke bajaye kal kya khola tha woh mil jaata toh easy hota. 🥲",screenshot,the internship listing screenshot,check an application detail,viewed or edited target yesterday,original capture date,partial,not stated,look for recent activity > check recently added > unresolved,Recent interaction did not supply a usable route to an older image.,Checked recently added,unresolved,present_user_report,core_incomplete_memory,recent_interaction,activity_vs_capture_time,temporal_narrowing,Technical cause cannot be established from the account.
242,,Social-post-style (),,"I opened Google Photos to find the cousin's engagement photo. I needed it to send a memory to my cousin. I mostly remember why I saved it, not what it looked like or when. I typed ""the engagement that mattered to me"" and got unrelated things. I never added a description explaining why it mattered.",family,the cousin's engagement photo,send a memory to my cousin,personal significance; original purpose,visible details; capture date,low,the engagement that mattered to me,personal-context query > inspect unrelated results,Personal significance query returned unrelated candidates.,not stated,unresolved,unknown,core_incomplete_memory,personal_meaning,cue_grounding_hypothesis,clue_expression,Technical cause cannot be established from the account.
243,,YouTube-comment-style (),,"Having trouble locating the broken hinge photo. I needed it to show the earlier damage to a repairer. I mostly remember why I saved it, not what it looked like or when. I typed ""the door that mattered to me"" and got unrelated things. I never added a description explaining why it mattered.",home,the broken hinge photo,show the earlier damage to a repairer,personal significance; original purpose,visible details; capture date,low,the door that mattered to me,personal-context query > inspect unrelated results,Personal significance query returned unrelated candidates.,not stated,unresolved,unknown,core_incomplete_memory,personal_meaning,cue_grounding_hypothesis,clue_expression,Technical cause cannot be established from the account.
244,,Support-forum-style (),,"Google Photos mein purani test report ki photo chahiye thi. Kaam yeh tha: locate a previous medical document. Date vague thi par blue laboratory header yaad tha. Main account mein ""report"" baar-baar search kiya. Purane account pe switch kiya toh same search se mil gayi. Library hi galat thi.",health_document,the old test-report photo,locate a previous medical document,blue laboratory header,capture date; account containing target,partial,report,search first account > switch account > same search > locate target,Target found in another account.,Switched Google account,found_exact,different_account,adjacent_availability,wrong_account,account_scope,none,Technical cause cannot be established from the account.
245,,App-review-style (),,"I went back to look for the mountain tea stall photo. I needed it to tell a friend where we stopped. The date is gone from my memory, but orange tarpaulin is not. I tried ""woh tea stall wali"" and then ""orange tarpaulin"". The results changed, but neither attempt found the exact image. Not sure whether language is the issue. 🤔",travel,the mountain tea stall photo,tell a friend where we stopped,orange tarpaulin,capture date,partial,woh tea stall wali > orange tarpaulin,Hinglish phrase > English visual phrase > inspect results,Different wording returned different candidates; exact target still missing.,Switched query wording and language,unresolved,unknown,core_incomplete_memory,language_mismatch,language_expression,query_reformulation,Technical cause cannot be established from the account.
246,,Reddit-style (),,"Quick question about finding the address screenshot. I needed it to revisit a shop. The date is gone from my memory, but green map pin is not. I tried ""woh address wali"" and then ""green map pin"". The results changed, but neither attempt found the exact image. Not sure whether language is the issue. 😕",screenshot,the address screenshot,revisit a shop,green map pin,capture date,partial,woh address wali > green map pin,Hinglish phrase > English visual phrase > inspect results,Different wording returned different candidates; exact target still missing.,Switched query wording and language,unresolved,unknown,core_incomplete_memory,language_mismatch,language_expression,query_reformulation,Technical cause cannot be established from the account.
247,,Social-post-style (),,"Kisi ko idea hai? Mujhe papa ki cycle theek karte hue photo chahiye thi. Kaam yeh tha: make a birthday collage. yellow bicycle yaad hai, month aur year bilkul nahi. ""bicycle"" search karke bhi woh nahi dikhi. Timeline mein kaafi scroll kiya, phir chhod diya.",family,the picture of dad fixing a bicycle,make a birthday collage,yellow bicycle,capture date,partial,bicycle,subject search > timeline scrolling > stop,Subject results did not make the target easy to locate; no usable date anchor.,Scrolled timeline without a date anchor,abandoned,unknown,core_incomplete_memory,date_forgotten,temporal_narrowing,none,Technical cause cannot be established from the account.
248,,YouTube-comment-style (),,"Abhi kurte ki reference photo chahiye thi. Kaam yeh tha: show a tailor the design. blue floral pattern yaad hai, month aur year bilkul nahi. ""kurta"" search karke bhi woh nahi dikhi. Timeline mein kaafi scroll kiya, phir chhod diya.",shopping,the kurta reference photo,show a tailor the design,blue floral pattern,capture date,partial,kurta,subject search > timeline scrolling > stop,Subject results did not make the target easy to locate; no usable date anchor.,Scrolled timeline without a date anchor,abandoned,unknown,core_incomplete_memory,date_forgotten,temporal_narrowing,none,Technical cause cannot be established from the account.
249,,Support-forum-style (),,"Trying to recover the appliance receipt photo. I needed it to check a purchase for a service request. I remember red shop stamp, but not the date. ""receipt"" didn't find it and I checked the bin too. Maybe I deleted it, maybe it never backed up—I honestly don't know where it is now.",receipt,the appliance receipt photo,check a purchase for a service request,red shop stamp,capture date; current storage location,partial,receipt,subject search > trash check > unresolved,Target absent from inspected results and trash; existence in library unconfirmed.,Checked trash,unresolved,unknown,adjacent_availability,availability_uncertain,availability_unknown,temporal_uncertainty,Technical cause cannot be established from the account.
250,,App-review-style (),,"Pata nahi kaise milegi, lake ke paas camp ki photo chahiye thi. Kaam yeh tha: share a memory with my cousins. Date bhi nahi yaad aur kya type karun woh bhi samajh nahi aa raha tha. ""camping"" bahut broad tha. Phir ""striped tent"" try kiya aur mil gayi. Chhota detail kaam aa gaya. 😅",travel,the lakeside campsite photo,share a memory with my cousins,striped tent,capture date; precise search wording,partial,camping > striped tent,broad query > visual-detail query > recognise target,Rewording using a visible detail helped locate the target.,Replaced broad term with visible detail,found_exact,present_user_report,core_incomplete_memory,query_reformulation,clue_expression,iterative_reformulation,Technical cause cannot be established from the account.
251,,Reddit-style (),,"Aaj zaroorat padi toh haath se likhe formula ki photo chahiye thi. Kaam yeh tha: check a calculation. Date bhi nahi yaad aur kya type karun woh bhi samajh nahi aa raha tha. ""notes"" bahut broad tha. Phir ""purple ink"" try kiya aur mil gayi. Chhota detail kaam aa gaya. ✨",study,the handwritten formula photo,check a calculation,purple ink,capture date; precise search wording,partial,notes > purple ink,broad query > visual-detail query > recognise target,Rewording using a visible detail helped locate the target.,Replaced broad term with visible detail,found_exact,present_user_report,core_incomplete_memory,query_reformulation,clue_expression,iterative_reformulation,Technical cause cannot be established from the account.
252,,Social-post-style (),,"I opened Google Photos to find the childhood picnic scan. I needed it to show an old memory to my sister. I know I once saved it, but the appearance, date and place are all blank. I opened Photos and couldn't even decide what to type. Closed it again without searching.",family,the childhood picnic scan,show an old memory to my sister,existence and broad purpose only,visual details; date; location,low,no query formulated,open Photos > fail to form query > stop,Unable to supply identifying details or begin a targeted search.,none attempted,abandoned,unknown,core_incomplete_memory,almost_no_clues,cue_availability,none,Technical cause cannot be established from the account.
253,,YouTube-comment-style (),,"Having trouble locating the furniture reference photo. I needed it to compare furniture designs. I know I once saved it, but the appearance, date and place are all blank. I opened Photos and couldn't even decide what to type. Closed it again without searching.",shopping,the furniture reference photo,compare furniture designs,existence and broad purpose only,visual details; date; location,low,no query formulated,open Photos > fail to form query > stop,Unable to supply identifying details or begin a targeted search.,none attempted,abandoned,unknown,core_incomplete_memory,almost_no_clues,cue_availability,none,Technical cause cannot be established from the account.
254,,Support-forum-style (),,"Google Photos mein courier slip ki photo chahiye thi. Kaam yeh tha: look up an old shipment. Image clearly yaad hai, green sticker bhi. Exactly ""green sticker"" search kiya, match nahi aaya. Kyun nahi aaya pata nahi; file abhi isi account mein hai ya nahi woh bhi check nahi kiya.",receipt,the courier receipt photo,look up an old shipment,green sticker; exact target appearance,not stated,high,green sticker,precise visual query > no matching results,A clear visual query returned no match; technical cause unverified.,not stated,unresolved,unknown,adjacent_clear_memory,no_results_with_clear_cue,search_quality_hypothesis,unknown_indexing_state,Technical cause cannot be established from the account.
255,,Reddit-style (),,"Quick question about finding the old hotel entrance photo. I needed it to identify where we stayed. I know I once saved it, but the appearance, date and place are all blank. I opened Photos and couldn't even decide what to type. Closed it again without searching. 🥲",travel,the old hotel entrance photo,identify where we stayed,existence and broad purpose only,visual details; date; location,low,no query formulated,open Photos > fail to form query > stop,Unable to supply identifying details or begin a targeted search.,none attempted,abandoned,unknown,core_incomplete_memory,almost_no_clues,cue_availability,none,Technical cause cannot be established from the account.
256,,Reddit-style (),,"Quick question about finding the lab setup photo. I needed it to finish a lab report. I couldn't remember its date, but I remembered another photo from the same day. I searched for that other image, checked its date, then browsed that day. That's how I found the one I actually wanted. 🙌",study,the lab setup photo,finish a lab report,another photo captured on the same day,target capture date,partial,subject of a different photo from the same day,search related photo > inspect its date > browse that date,Related image supplied a date anchor for retrieval.,Used another image to locate the day,found_exact,present_user_report,core_incomplete_memory,anchor_photo,relational_navigation,none,Technical cause cannot be established from the account.
257,,YouTube-comment-style (),,"Abhi shaadi mein dance wali photo chahiye thi. Kaam yeh tha: send it to the person dancing. Image clearly yaad hai, green stage lights bhi. Exactly ""green stage lights"" search kiya, match nahi aaya. Kyun nahi aaya pata nahi; file abhi isi account mein hai ya nahi woh bhi check nahi kiya.",family,the wedding dance photo,send it to the person dancing,green stage lights; exact target appearance,not stated,high,green stage lights,precise visual query > no matching results,A clear visual query returned no match; technical cause unverified.,not stated,unresolved,unknown,adjacent_clear_memory,no_results_with_clear_cue,search_quality_hypothesis,unknown_indexing_state,Technical cause cannot be established from the account.
258,,YouTube-comment-style (),,"Abhi garden flower ki photo chahiye thi. Kaam yeh tha: compare this season's flowers. Date yaad nahi thi toh bas scroll kar raha tha. Kisi ne bola jo dikh raha tha woh search karo. ""red petals"" dala aur mil gayi. Pata hi nahi tha yeh detail bhi search mein use kar sakte hain.",hobby,the garden flower photo,compare this season's flowers,red petals,capture date,partial,red petals,manual scrolling > learn content search > visual query > recognise,Learning an existing retrieval route enabled success in this fictional case.,Tried subject/detail search after a suggestion,found_exact,present_user_report,core_incomplete_memory,feature_discovery,discoverability,clue_expression,Technical cause cannot be established from the account.
259,,App-review-style (),,"Has anyone struggled to find the repair invoice photo. I needed it to check what was repaired. I couldn't remember its date, but I remembered another photo from the same day. I searched for that other image, checked its date, then browsed that day. That's how I found the one I actually wanted.",receipt,the repair invoice photo,check what was repaired,another photo captured on the same day,target capture date,partial,subject of a different photo from the same day,search related photo > inspect its date > browse that date,Related image supplied a date anchor for retrieval.,Used another image to locate the day,found_exact,present_user_report,core_incomplete_memory,anchor_photo,relational_navigation,none,Technical cause cannot be established from the account.
260,,Reddit-style (),,"Aaj zaroorat padi toh street food ki plate wali photo chahiye thi. Kaam yeh tha: recommend a dish. Date yaad nahi thi toh bas scroll kar raha tha. Kisi ne bola jo dikh raha tha woh search karo. ""square steel plate"" dala aur mil gayi. Pata hi nahi tha yeh detail bhi search mein use kar sakte hain. 🙌",food,the street-food plate photo,recommend a dish,square steel plate,capture date,partial,square steel plate,manual scrolling > learn content search > visual query > recognise,Learning an existing retrieval route enabled success in this fictional case.,Tried subject/detail search after a suggestion,found_exact,present_user_report,core_incomplete_memory,feature_discovery,discoverability,clue_expression,Technical cause cannot be established from the account.
261,,Social-post-style (),,"Bas ek cheez dhoondhni thi, workshop slide ki photo chahiye thi. Kaam yeh tha: recall a point from a session. Date yaad nahi thi toh bas scroll kar raha tha. Kisi ne bola jo dikh raha tha woh search karo. ""orange pie chart"" dala aur mil gayi. Pata hi nahi tha yeh detail bhi search mein use kar sakte hain. 😅",work,the workshop slide photo,recall a point from a session,orange pie chart,capture date,partial,orange pie chart,manual scrolling > learn content search > visual query > recognise,Learning an existing retrieval route enabled success in this fictional case.,Tried subject/detail search after a suggestion,found_exact,present_user_report,core_incomplete_memory,feature_discovery,discoverability,clue_expression,Technical cause cannot be established from the account.
262,,YouTube-comment-style (),,"Having trouble locating the photo of our puppy under a chair. I needed it to show how small our dog was. I remembered striped cushion and roughly the season, not the date. ""dog"" didn't get me there. I eventually found it by scrolling around that season and recognising it.",pets,the photo of our puppy under a chair,show how small our dog was,striped cushion; approximate season,exact date,partial,dog,subject query > approximate-season scrolling > recognise target,Manual timeline browsing succeeded after an unhelpful search.,Scrolled approximate season,found_exact,present_user_report,core_incomplete_memory,manual_scroll_success,successful_workaround,none,Technical cause cannot be established from the account.
263,,Support-forum-style (),,"I wanted to pull up the family performance video. I needed it to share a clip with relatives. I remembered blue stage curtain and roughly the season, not the date. ""performance"" didn't get me there. I eventually found it by scrolling around that season and recognising it.",video,the family performance video,share a clip with relatives,blue stage curtain; approximate season,exact date,partial,performance,subject query > approximate-season scrolling > recognise target,Manual timeline browsing succeeded after an unhelpful search.,Scrolled approximate season,found_exact,present_user_report,core_incomplete_memory,manual_scroll_success,successful_workaround,none,Technical cause cannot be established from the account.
264,,App-review-style (),,"Ek help chahiye, recipe ka screenshot chahiye thi. Kaam yeh tha: cook the same meal again. green ingredient heading yaad tha aur lag raha tha 2023 ki hogi. ""recipe 2023"" se nahi mili. Year hata diya toh mil gayi, actually 2022 ki thi. Date main hi galat yaad kar raha tha.",screenshot,the recipe screenshot,cook the same meal again,green ingredient heading; tentative year 2023,exact date,uncertain,recipe 2023 > recipe,restrict to assumed year > remove year > locate target,Target appeared after removing incorrect year.,Removed year from query,found_exact,present_user_report,core_incomplete_memory,uncertain_date,incorrect_constraint,none,Technical cause cannot be established from the account.
265,,Reddit-style (),,"Quick question about finding the restaurant thali photo. I needed it to show my mother a meal idea. I remembered blue bowl, but not the date or the exact distinguishing detail. ""thali"" showed something close enough for now, so I used that instead. It wasn't the image I had in mind. 🥲",food,the restaurant thali photo,show my mother a meal idea,blue bowl,date; exact distinguishing detail,partial,thali,subject search > inspect related images > use substitute,A related image was used; exact target not retrieved.,Used another relevant image,substitute_used,unknown,core_incomplete_memory,substitute_only,target_specificity,candidate_recognition,Technical cause cannot be established from the account.
266,,Social-post-style (),,"Spent part of my evening looking for the project sketch photo. I needed it to explain an earlier design idea. I remembered green sticky notes, but not the date or the exact distinguishing detail. ""sketch"" showed something close enough for now, so I used that instead. It wasn't the image I had in mind. 🤔",work,the project sketch photo,explain an earlier design idea,green sticky notes,date; exact distinguishing detail,partial,sketch,subject search > inspect related images > use substitute,A related image was used; exact target not retrieved.,Used another relevant image,substitute_used,unknown,core_incomplete_memory,substitute_only,target_specificity,candidate_recognition,Technical cause cannot be established from the account.
267,,YouTube-comment-style (),,"Abhi rescue kiye bird ki photo chahiye thi. Kaam yeh tha: update a rescue volunteer. Kaunse year ki hai bilkul nahi yaad tha, bas blue towel. ""bird blue towel"" search kiya aur turant pehchaan li. Is baar poori library scroll nahi karni padi.",pets,the photo of the rescued bird,update a rescue volunteer,blue towel,capture date,partial,bird blue towel,combine subject and visual clue > recognise target,Partial visual memory was sufficient for successful retrieval.,not needed,found_exact,present_user_report,core_incomplete_memory,query_success,successful_retrieval,none,Technical cause cannot be established from the account.
268,,Support-forum-style (),,"Trying to recover the small Goa cafe photo. I needed it to recommend the place to a friend. I got down to a handful with yellow chairs, but they look almost identical. I can't remember the date or the tiny detail that made the original different. Zooming hasn't helped me decide which is right.",travel,the small Goa cafe photo,recommend the place to a friend,yellow chairs,capture date,partial,cafe,subject search > small plausible set > zoom candidates,Several similar candidates; cannot confirm exact target.,Zoomed individual candidates,unconfirmed_match,unknown,core_incomplete_memory,near_duplicates,candidate_recognition,near_duplicate_ambiguity,Technical cause cannot be established from the account.
269,,App-review-style (),,"Has anyone struggled to find the funny chat screenshot. I needed it to share an old joke. I got down to a handful with purple chat background, but they look almost identical. I can't remember the date or the tiny detail that made the original different. Zooming hasn't helped me decide which is right.",screenshot,the funny chat screenshot,share an old joke,purple chat background,capture date,partial,chat,subject search > small plausible set > zoom candidates,Several similar candidates; cannot confirm exact target.,Zoomed individual candidates,unconfirmed_match,unknown,core_incomplete_memory,near_duplicates,candidate_recognition,near_duplicate_ambiguity,Technical cause cannot be established from the account.
270,,Reddit-style (),,"Aaj zaroorat padi toh roadside breakfast wali photo chahiye thi. Kaam yeh tha: revisit a stop on our route. Start mein bas subject yaad tha, date nahi. ""breakfast"" ke results dekhte-dekhte red plastic table yaad aa gaya. Phir woh detail search ki aur mil gayi. Shuru mein yeh clue yaad hi nahi aa raha tha. 🙌",food,the roadside breakfast photo,revisit a stop on our route,general subject initially; visual detail recalled during browsing,capture date,partial,breakfast > red plastic table,broad search > view candidates > recall detail > refine > find,Browsing prompted recall of an additional useful detail.,Refined using newly recalled detail,found_exact,present_user_report,core_incomplete_memory,clue_emerges,progressive_recall,iterative_reformulation,Technical cause cannot be established from the account.
271,,Social-post-style (),,"Bas ek cheez dhoondhni thi, rent wale room ki photo chahiye thi. Kaam yeh tha: compare rooms before moving. Start mein bas subject yaad tha, date nahi. ""room"" ke results dekhte-dekhte yellow wardrobe yaad aa gaya. Phir woh detail search ki aur mil gayi. Shuru mein yeh clue yaad hi nahi aa raha tha. 😅",home,the rented-room photo,compare rooms before moving,general subject initially; visual detail recalled during browsing,capture date,partial,room > yellow wardrobe,broad search > view candidates > recall detail > refine > find,Browsing prompted recall of an additional useful detail.,Refined using newly recalled detail,found_exact,present_user_report,core_incomplete_memory,clue_emerges,progressive_recall,iterative_reformulation,Technical cause cannot be established from the account.
272,,YouTube-comment-style (),,Having trouble locating the medicine-strip photo. I needed it to show the packaging at an appointment. Search just isn't helping me find it. Is anyone else having trouble with this?,health_document,the medicine-strip photo,show the packaging at an appointment,not stated,not stated,not stated,not stated,search attempted; details not stated,Search difficulty reported without enough incident detail.,not stated,not stated,unknown,insufficient_detail,missing_context,unknown,none,Technical cause cannot be established from the account.
273,,Support-forum-style (),,"Google Photos mein Jaipur courtyard wali photo chahiye thi. Kaam yeh tha: plan a return visit. blue doorway clear yaad hai, date nahi. ""courtyard"" se bahut saare results aa gaye. Ek-ek khol ke dekha, exact wali nahi mili toh band kar diya.",travel,the Jaipur courtyard photo,plan a return visit,blue doorway,capture date,partial,courtyard,broad subject search > inspect large result set > stop,Many plausible matches; target not located before stopping.,Opened individual matches,abandoned,unknown,core_incomplete_memory,too_many_matches,cue_discriminability,inspection_burden,Technical cause cannot be established from the account.
274,,App-review-style (),,"Ek help chahiye, internship listing ka screenshot chahiye thi. Kaam yeh tha: check an application detail. blue company banner clear yaad hai, date nahi. ""internship"" se bahut saare results aa gaye. Ek-ek khol ke dekha, exact wali nahi mili toh band kar diya.",screenshot,the internship listing screenshot,check an application detail,blue company banner,capture date,partial,internship,broad subject search > inspect large result set > stop,Many plausible matches; target not located before stopping.,Opened individual matches,abandoned,unknown,core_incomplete_memory,too_many_matches,cue_discriminability,inspection_burden,Technical cause cannot be established from the account.
275,,Reddit-style (),,"Quick question about finding the cousin's engagement photo. I needed it to send a memory to my cousin. A friend had sent it to me; I remembered orange backdrop, not when. Searching ""engagement"" in Photos failed. I went back to our chat and found it there. I don't know whether I'd ever saved a copy to Photos. 🥲",family,the cousin's engagement photo,send a memory to my cousin,orange backdrop; received from a friend,received date,partial,engagement,Photos search > revisit messaging conversation > retrieve original,Target located in a messaging conversation; Photos availability unconfirmed.,Searched original conversation,found_elsewhere,external_app_found_photos_unknown,adjacent_cross_app,received_copy,cross_app_origin,none,Technical cause cannot be established from the account.
276,,Social-post-style (),,"Spent part of my evening looking for the broken hinge photo. I needed it to show the earlier damage to a repairer. A friend had sent it to me; I remembered silver hinge, not when. Searching ""door"" in Photos failed. I went back to our chat and found it there. I don't know whether I'd ever saved a copy to Photos. 🤔",home,the broken hinge photo,show the earlier damage to a repairer,silver hinge; received from a friend,received date,partial,door,Photos search > revisit messaging conversation > retrieve original,Target located in a messaging conversation; Photos availability unconfirmed.,Searched original conversation,found_elsewhere,external_app_found_photos_unknown,adjacent_cross_app,received_copy,cross_app_origin,none,Technical cause cannot be established from the account.
277,,YouTube-comment-style (),,"Abhi purani test report ki photo chahiye thi. Kaam yeh tha: locate a previous medical document. Kal hi dekhi thi, originally kab li thi yaad nahi. Recently added mein check kiya par wahan nahi mili. Purani date guess karne ke bajaye kal kya khola tha woh mil jaata toh easy hota.",health_document,the old test-report photo,locate a previous medical document,viewed or edited target yesterday,original capture date,partial,not stated,look for recent activity > check recently added > unresolved,Recent interaction did not supply a usable route to an older image.,Checked recently added,unresolved,present_user_report,core_incomplete_memory,recent_interaction,activity_vs_capture_time,temporal_narrowing,Technical cause cannot be established from the account.
278,,App-review-style (),,"Has anyone struggled to find the rainy railway platform photo. I needed it to remember a journey with my brother. A friend had sent it to me; I remembered green bench, not when. Searching ""station"" in Photos failed. I went back to our chat and found it there. I don't know whether I'd ever saved a copy to Photos.",travel,the rainy railway platform photo,remember a journey with my brother,green bench; received from a friend,received date,partial,station,Photos search > revisit messaging conversation > retrieve original,Target located in a messaging conversation; Photos availability unconfirmed.,Searched original conversation,found_elsewhere,external_app_found_photos_unknown,adjacent_cross_app,received_copy,cross_app_origin,none,Technical cause cannot be established from the account.
279,,App-review-style (),,"Has anyone struggled to find the address screenshot. I needed it to revisit a shop. I mostly remember why I saved it, not what it looked like or when. I typed ""the address that mattered to me"" and got unrelated things. I never added a description explaining why it mattered.",screenshot,the address screenshot,revisit a shop,personal significance; original purpose,visible details; capture date,low,the address that mattered to me,personal-context query > inspect unrelated results,Personal significance query returned unrelated candidates.,not stated,unresolved,unknown,core_incomplete_memory,personal_meaning,cue_grounding_hypothesis,clue_expression,Technical cause cannot be established from the account.
280,,Social-post-style (),,"Bas ek cheez dhoondhni thi, school farewell ki group photo chahiye thi. Kaam yeh tha: share it in our reunion group. Kal hi dekhi thi, originally kab li thi yaad nahi. Recently added mein check kiya par wahan nahi mili. Purani date guess karne ke bajaye kal kya khola tha woh mil jaata toh easy hota. 🤔",family,the school farewell group photo,share it in our reunion group,viewed or edited target yesterday,original capture date,partial,not stated,look for recent activity > check recently added > unresolved,Recent interaction did not supply a usable route to an older image.,Checked recently added,unresolved,present_user_report,core_incomplete_memory,recent_interaction,activity_vs_capture_time,temporal_narrowing,Technical cause cannot be established from the account.
281,,Social-post-style (),,"Bas ek cheez dhoondhni thi, kurte ki reference photo chahiye thi. Kaam yeh tha: show a tailor the design. Date vague thi par blue floral pattern yaad tha. Main account mein ""kurta"" baar-baar search kiya. Purane account pe switch kiya toh same search se mil gayi. Library hi galat thi. 😅",shopping,the kurta reference photo,show a tailor the design,blue floral pattern,capture date; account containing target,partial,kurta,search first account > switch account > same search > locate target,Target found in another account.,Switched Google account,found_exact,different_account,adjacent_availability,wrong_account,account_scope,none,Technical cause cannot be established from the account.
282,,Support-forum-style (),,"I wanted to pull up the physiotherapy exercise photo. I needed it to show which exercise sheet I was given. I mostly remember why I saved it, not what it looked like or when. I typed ""the exercise that mattered to me"" and got unrelated things. I never added a description explaining why it mattered.",health_document,the physiotherapy exercise photo,show which exercise sheet I was given,personal significance; original purpose,visible details; capture date,low,the exercise that mattered to me,personal-context query > inspect unrelated results,Personal significance query returned unrelated candidates.,not stated,unresolved,unknown,core_incomplete_memory,personal_meaning,cue_grounding_hypothesis,clue_expression,Technical cause cannot be established from the account.
283,,App-review-style (),,"Ek help chahiye, beach shack ke menu ki photo chahiye thi. Kaam yeh tha: check what we ordered. Date vague thi par purple menu cover yaad tha. Main account mein ""menu"" baar-baar search kiya. Purane account pe switch kiya toh same search se mil gayi. Library hi galat thi.",travel,the beach shack menu photo,check what we ordered,purple menu cover,capture date; account containing target,partial,menu,search first account > switch account > same search > locate target,Target found in another account.,Switched Google account,found_exact,different_account,adjacent_availability,wrong_account,account_scope,none,Technical cause cannot be established from the account.
284,,Reddit-style (),,"Yaar, mujhe whiteboard diagram ki photo chahiye thi. Kaam yeh tha: revise a class explanation. Date vague thi par red arrows yaad tha. Main account mein ""whiteboard"" baar-baar search kiya. Purane account pe switch kiya toh same search se mil gayi. Library hi galat thi.",study,the whiteboard diagram photo,revise a class explanation,red arrows,capture date; account containing target,partial,whiteboard,search first account > switch account > same search > locate target,Target found in another account.,Switched Google account,found_exact,different_account,adjacent_availability,wrong_account,account_scope,none,Technical cause cannot be established from the account.
285,,Social-post-style (),,"Spent part of my evening looking for the sibling's graduation photo. I needed it to print a family keepsake. The date is gone from my memory, but red sash is not. I tried ""woh graduation wali"" and then ""red sash"". The results changed, but neither attempt found the exact image. Not sure whether language is the issue. 😩",family,the sibling's graduation photo,print a family keepsake,red sash,capture date,partial,woh graduation wali > red sash,Hinglish phrase > English visual phrase > inspect results,Different wording returned different candidates; exact target still missing.,Switched query wording and language,unresolved,unknown,core_incomplete_memory,language_mismatch,language_expression,query_reformulation,Technical cause cannot be established from the account.
286,,YouTube-comment-style (),,"I needed the shoe-store photo. I needed it to find the pair I liked. The date is gone from my memory, but orange shoelaces is not. I tried ""woh shoes wali"" and then ""orange shoelaces"". The results changed, but neither attempt found the exact image. Not sure whether language is the issue. 🥲",shopping,the shoe-store photo,find the pair I liked,orange shoelaces,capture date,partial,woh shoes wali > orange shoelaces,Hinglish phrase > English visual phrase > inspect results,Different wording returned different candidates; exact target still missing.,Switched query wording and language,unresolved,unknown,core_incomplete_memory,language_mismatch,language_expression,query_reformulation,Technical cause cannot be established from the account.
287,,Support-forum-style (),,"Purani gallery mein parking receipt wali photo chahiye thi. Kaam yeh tha: resolve an expense claim. orange ticket yaad hai, month aur year bilkul nahi. ""ticket"" search karke bhi woh nahi dikhi. Timeline mein kaafi scroll kiya, phir chhod diya.",receipt,the parking receipt photo,resolve an expense claim,orange ticket,capture date,partial,ticket,subject search > timeline scrolling > stop,Subject results did not make the target easy to locate; no usable date anchor.,Scrolled timeline without a date anchor,abandoned,unknown,core_incomplete_memory,date_forgotten,temporal_narrowing,none,Technical cause cannot be established from the account.
288,,App-review-style (),,"Has anyone struggled to find the old hotel entrance photo. I needed it to identify where we stayed. I remember round window, but not the date. ""hotel"" didn't find it and I checked the bin too. Maybe I deleted it, maybe it never backed up—I honestly don't know where it is now.",travel,the old hotel entrance photo,identify where we stayed,round window,capture date; current storage location,partial,hotel,subject search > trash check > unresolved,Target absent from inspected results and trash; existence in library unconfirmed.,Checked trash,unresolved,unknown,adjacent_availability,availability_uncertain,availability_unknown,temporal_uncertainty,Technical cause cannot be established from the account.
289,,Reddit-style (),,"I was looking for the assignment instruction photo. I needed it to confirm the submission requirement. I remember yellow highlighted line, but not the date. ""assignment"" didn't find it and I checked the bin too. Maybe I deleted it, maybe it never backed up—I honestly don't know where it is now.",study,the assignment instruction photo,confirm the submission requirement,yellow highlighted line,capture date; current storage location,partial,assignment,subject search > trash check > unresolved,Target absent from inspected results and trash; existence in library unconfirmed.,Checked trash,unresolved,unknown,adjacent_availability,availability_uncertain,availability_unknown,temporal_uncertainty,Technical cause cannot be established from the account.
290,,Social-post-style (),,"Bas ek cheez dhoondhni thi, shaadi mein dance wali photo chahiye thi. Kaam yeh tha: send it to the person dancing. Date bhi nahi yaad aur kya type karun woh bhi samajh nahi aa raha tha. ""wedding"" bahut broad tha. Phir ""green stage lights"" try kiya aur mil gayi. Chhota detail kaam aa gaya. 🙂",family,the wedding dance photo,send it to the person dancing,green stage lights,capture date; precise search wording,partial,wedding > green stage lights,broad query > visual-detail query > recognise target,Rewording using a visible detail helped locate the target.,Replaced broad term with visible detail,found_exact,present_user_report,core_incomplete_memory,query_reformulation,clue_expression,iterative_reformulation,Technical cause cannot be established from the account.
291,,YouTube-comment-style (),,"Kal se crochet project ki photo chahiye thi. Kaam yeh tha: recreate an earlier pattern. Date bhi nahi yaad aur kya type karun woh bhi samajh nahi aa raha tha. ""crochet"" bahut broad tha. Phir ""purple yarn"" try kiya aur mil gayi. Chhota detail kaam aa gaya. 🙌",hobby,the crochet project photo,recreate an earlier pattern,purple yarn,capture date; precise search wording,partial,crochet > purple yarn,broad query > visual-detail query > recognise target,Rewording using a visible detail helped locate the target.,Replaced broad term with visible detail,found_exact,present_user_report,core_incomplete_memory,query_reformulation,clue_expression,iterative_reformulation,Technical cause cannot be established from the account.
292,,Support-forum-style (),,"I wanted to pull up the repair invoice photo. I needed it to check what was repaired. I know I once saved it, but the appearance, date and place are all blank. I opened Photos and couldn't even decide what to type. Closed it again without searching.",receipt,the repair invoice photo,check what was repaired,existence and broad purpose only,visual details; date; location,low,no query formulated,open Photos > fail to form query > stop,Unable to supply identifying details or begin a targeted search.,none attempted,abandoned,unknown,core_incomplete_memory,almost_no_clues,cue_availability,none,Technical cause cannot be established from the account.
293,,App-review-style (),,"Ek help chahiye, street food ki plate wali photo chahiye thi. Kaam yeh tha: recommend a dish. Image clearly yaad hai, square steel plate bhi. Exactly ""square steel plate"" search kiya, match nahi aaya. Kyun nahi aaya pata nahi; file abhi isi account mein hai ya nahi woh bhi check nahi kiya.",food,the street-food plate photo,recommend a dish,square steel plate; exact target appearance,not stated,high,square steel plate,precise visual query > no matching results,A clear visual query returned no match; technical cause unverified.,not stated,unresolved,unknown,adjacent_clear_memory,no_results_with_clear_cue,search_quality_hypothesis,unknown_indexing_state,Technical cause cannot be established from the account.
294,,Reddit-style (),,"Yaar, mujhe workshop slide ki photo chahiye thi. Kaam yeh tha: recall a point from a session. Image clearly yaad hai, orange pie chart bhi. Exactly ""orange pie chart"" search kiya, match nahi aaya. Kyun nahi aaya pata nahi; file abhi isi account mein hai ya nahi woh bhi check nahi kiya.",work,the workshop slide photo,recall a point from a session,orange pie chart; exact target appearance,not stated,high,orange pie chart,precise visual query > no matching results,A clear visual query returned no match; technical cause unverified.,not stated,unresolved,unknown,adjacent_clear_memory,no_results_with_clear_cue,search_quality_hypothesis,unknown_indexing_state,Technical cause cannot be established from the account.
295,,Social-post-style (),,"Spent part of my evening looking for the photo of our puppy under a chair. I needed it to show how small our dog was. I couldn't remember its date, but I remembered another photo from the same day. I searched for that other image, checked its date, then browsed that day. That's how I found the one I actually wanted. 😅",pets,the photo of our puppy under a chair,show how small our dog was,another photo captured on the same day,target capture date,partial,subject of a different photo from the same day,search related photo > inspect its date > browse that date,Related image supplied a date anchor for retrieval.,Used another image to locate the day,found_exact,present_user_report,core_incomplete_memory,anchor_photo,relational_navigation,none,Technical cause cannot be established from the account.
296,,YouTube-comment-style (),,"I needed the family performance video. I needed it to share a clip with relatives. I couldn't remember its date, but I remembered another photo from the same day. I searched for that other image, checked its date, then browsed that day. That's how I found the one I actually wanted. ✨",video,the family performance video,share a clip with relatives,another photo captured on the same day,target capture date,partial,subject of a different photo from the same day,search related photo > inspect its date > browse that date,Related image supplied a date anchor for retrieval.,Used another image to locate the day,found_exact,present_user_report,core_incomplete_memory,anchor_photo,relational_navigation,none,Technical cause cannot be established from the account.
297,,Support-forum-style (),,"Purani gallery mein recipe ka screenshot chahiye thi. Kaam yeh tha: cook the same meal again. Date yaad nahi thi toh bas scroll kar raha tha. Kisi ne bola jo dikh raha tha woh search karo. ""green ingredient heading"" dala aur mil gayi. Pata hi nahi tha yeh detail bhi search mein use kar sakte hain.",screenshot,the recipe screenshot,cook the same meal again,green ingredient heading,capture date,partial,green ingredient heading,manual scrolling > learn content search > visual query > recognise,Learning an existing retrieval route enabled success in this fictional case.,Tried subject/detail search after a suggestion,found_exact,present_user_report,core_incomplete_memory,feature_discovery,discoverability,clue_expression,Technical cause cannot be established from the account.
298,,App-review-style (),,"Has anyone struggled to find the restaurant thali photo. I needed it to show my mother a meal idea. I remembered blue bowl and roughly the season, not the date. ""thali"" didn't get me there. I eventually found it by scrolling around that season and recognising it.",food,the restaurant thali photo,show my mother a meal idea,blue bowl; approximate season,exact date,partial,thali,subject query > approximate-season scrolling > recognise target,Manual timeline browsing succeeded after an unhelpful search.,Scrolled approximate season,found_exact,present_user_report,core_incomplete_memory,manual_scroll_success,successful_workaround,none,Technical cause cannot be established from the account.
299,,Reddit-style (),,"I was looking for the project sketch photo. I needed it to explain an earlier design idea. I remembered green sticky notes and roughly the season, not the date. ""sketch"" didn't get me there. I eventually found it by scrolling around that season and recognising it.",work,the project sketch photo,explain an earlier design idea,green sticky notes; approximate season,exact date,partial,sketch,subject query > approximate-season scrolling > recognise target,Manual timeline browsing succeeded after an unhelpful search.,Scrolled approximate season,found_exact,present_user_report,core_incomplete_memory,manual_scroll_success,successful_workaround,none,Technical cause cannot be established from the account.
300,,Social-post-style (),,"Bas ek cheez dhoondhni thi, rescue kiye bird ki photo chahiye thi. Kaam yeh tha: update a rescue volunteer. blue towel yaad tha aur lag raha tha 2023 ki hogi. ""bird 2023"" se nahi mili. Year hata diya toh mil gayi, actually 2022 ki thi. Date main hi galat yaad kar raha tha. 🙂",pets,the photo of the rescued bird,update a rescue volunteer,blue towel; tentative year 2023,exact date,uncertain,bird 2023 > bird,restrict to assumed year > remove year > locate target,Target appeared after removing incorrect year.,Removed year from query,found_exact,present_user_report,core_incomplete_memory,uncertain_date,incorrect_constraint,none,Technical cause cannot be established from the account.
